1377683556319853758,0.043853758,-0.16839981,2.165397,9.4193125
1377683556348814941,0.072814941,-0.1579216,2.1665945,9.428294
1377683556359801269,0.083801269,-0.18082398,2.1426444,9.477691
1377683556389220214,0.113220214,-0.20776795,2.1007316,9.526639
1377683556399870848,0.123870848,-0.22408402,2.11585,9.599538
1377683556429228759,0.153228759,-0.23171814,2.1300704,9.618399
1377683556439818359,0.163818359,-0.23276596,2.0839663,9.648486
1377683556474272704,0.198272704,-0.19983444,1.9947519,9.685309
1377683556509520507,0.233520507,-0.17124389,2.055825,9.633368
1377683556530241944,0.254241944,-0.10103989,2.1393511,9.6228895
1377683556539824463,0.263824463,-0.04954697,2.1962328,9.645493
1377683556571013426,0.295013426,-0.05748047,2.2281165,9.603729
1377683556590971923,0.314971923,-0.07664063,2.2655387,9.552685
1377683556600462890,0.32446289,-0.103434905,2.3126907,9.5699
1377683556630919434,0.354919434,-0.11600876,2.3040087,9.659114
1377683556652098631,0.376098631,-0.123343505,2.2068608,9.692644
1377683556660094236,0.384094236,-0.11541,2.1480331,9.697285
1377683556691618896,0.415618896,-0.08786728,2.1758752,9.6405525
1377683556710539795,0.434539795,-0.11061996,2.2254221,9.492062
1377683556720641114,0.444641114,-0.17423767,2.2556593,9.303004
1377683556752104735,0.476104735,-0.22498214,2.205813,9.300909
1377683556760161375,0.484161375,-0.21689896,2.0734882,9.459728
1377683556792387938,0.516387938,-0.18606308,1.9643651,9.590406
1377683556811522461,0.535522461,-0.11555969,1.9074833,9.602082
1377683556822295166,0.546295166,-0.084574126,1.8998493,9.483529
1377683556855101561,0.579101561,-0.23710693,1.9049387,9.408535
1377683556893065428,0.617065428,-0.29638368,1.9145187,9.474997
1377683556902678466,0.626678466,-0.27812165,1.9338286,9.50209
1377683556932341553,0.656341553,-0.2722838,1.906735,9.533375
1377683556943266845,0.667266845,-0.32871643,1.8699116,9.630524
1377683556970549559,0.694549559,-0.31778917,1.8946102,9.835597
1377683556981108642,0.705108642,-0.17887802,1.8980529,10.104438
1377683557011260010,0.73526001,-0.0061372374,1.8742524,10.294692
1377683557024565673,0.748565673,0.03847,1.8952088,10.317744
1377683557052641844,0.776641844,-0.036673736,1.9520906,10.176738
1377683557056731200,0.7807312,-0.13112731,2.0017872,10.010134
1377683557091002442,0.815002442,-0.20103195,1.9546353,9.909393
1377683557101561523,0.825561523,-0.15073654,1.9302361,9.862541
1377683557133208251,0.857208251,-0.065114595,1.902843,9.808054
1377683557140410400,0.8644104,-0.0597258,1.9323317,9.706864
1377683557169707276,0.893707276,-0.07694,1.9453546,9.621243
1377683557191893554,0.915893554,-0.07933502,1.9380199,9.501192
1377683557201201414,0.925201414,-0.09430389,1.9371217,9.457783
1377683557233366943,0.957366943,-0.06661148,1.907184,9.592952
1377683557241057373,0.965057373,-0.030087434,1.9570303,9.752669
1377683557270537353,0.994537353,-0.084574126,1.9636166,9.808054
1377683557280455565,1.004455565,-0.11346405,1.916315,9.923464
1377683557313078857,1.037078857,-0.11735596,1.9582279,10.038276
1377683557320494629,1.044494629,-0.20537293,1.9487975,10.084229
1377683557350035644,1.074035644,-0.29548553,1.9384689,9.940679
1377683557360838866,1.084838866,-0.3408412,1.9040406,9.697884
1377683557393095947,1.117095947,-0.32272887,1.9324814,9.487571
1377683557405058837,1.129058837,-0.31135255,1.9902612,9.380243
1377683557431242919,1.155242919,-0.37272492,2.0550764,9.356743
1377683557441435789,1.165435789,-0.38440064,2.0854633,9.350156
1377683557471007324,1.195007324,-0.32317793,2.0619621,9.391919
1377683557480193115,1.204193115,-0.3264711,1.9959494,9.45434
1377683557508666015,1.232666015,-0.3450325,1.963018,9.481283
1377683557539488769,1.263488769,-0.2721341,1.9223026,9.888737
1377683557569792725,1.293792725,-0.2321672,1.8720071,9.970766
1377683557579894043,1.303894043,-0.1273851,1.8287472,9.999955
1377683557617064452,1.341064452,-0.31748977,1.8583854,9.869127
1377683557651000000,1.375,-0.42810974,1.9621197,9.688752
1377683557659941650,1.38394165,-0.103734285,2.0935464,9.669742
1377683557690886473,1.414886473,0.41718248,2.0544777,9.658665
1377683557699797607,1.423797607,0.124391325,1.7878821,9.758507
1377683557728941895,1.452941895,-0.39892045,1.5564634,9.739496
1377683557740080810,1.46408081,-0.30162278,1.4099181,9.566008
1377683557768706298,1.492706298,-0.26315278,1.4768289,9.64624
1377683557788725830,1.51272583,-0.0755928,1.6453785,9.972861
1377683557809813477,1.533813477,0.049846344,1.6498691,9.838141
1377683557819884277,1.543884277,-0.100291446,1.353186,9.716743
1377683557848753905,1.572753905,-0.07978409,0.87433183,10.009834
1377683557860930419,1.584930419,-0.038020935,0.651595,9.686955
1377683557890959717,1.614959717,-0.45819718,0.48618898,8.855286
1377683557900481201,1.624481201,-0.5774991,0.33470398,8.872799
1377683557929991698,1.653991698,-0.508792,0.64321244,9.06455
1377683557940337157,1.664337157,-0.57031405,0.5686675,8.682694
1377683557969267823,1.693267823,-0.40580612,-0.07499405,8.557854
1377683557980772949,1.704772949,-0.2176474,-0.1938469,9.057216
1377683558010405516,1.734405516,-0.6569838,0.40281236,9.618698
1377683558030150390,1.75415039,-1.3126204,0.959355,9.738299
1377683558039885498,1.763885498,-1.3248949,0.8596623,9.652827
1377683558072203612,1.796203612,-0.91250247,0.6288423,9.796678
1377683558080382323,1.804382323,-0.72613996,0.6360274,10.177635
1377683558122282959,1.846282959,-0.590522,0.66955763,10.6183195
1377683558149870849,1.873870849,-0.30341902,0.53678375,10.47357
1377683558160033202,1.884033202,-0.16690293,0.49442184,10.525512
1377683558192198730,1.91619873,-0.019758912,0.67509615,10.565928
1377683558200438477,1.924438477,0.042511597,0.9520203,10.340198
1377683558230711913,1.954711913,-0.23995101,1.1434722,10.1468
1377683558239836668,1.963836668,-0.468376,1.1999048,9.954899
1377683558269041992,1.993041992,-0.58722883,1.1744577,9.865385
1377683558292235352,2.016235352,-0.6453081,1.1412268,9.898017
1377683558299864746,2.023864746,-0.5511539,1.0554552,10.04097
1377683558330138182,2.054138182,-0.3878435,0.97432387,10.190209
1377683558341795898,2.065795898,-0.36838394,0.984353,10.237511
1377683558369780518,2.093780518,-0.54322034,1.0424323,10.210716
1377683558380003906,2.104003906,-0.6209088,1.0538086,10.099348
1377683558409178710,2.13317871,-0.51807266,1.0553055,9.963431
1377683558419829345,2.143829345,-0.40415955,1.1279045,9.884545
1377683558448607422,2.172607422,-0.5149292,1.1888279,9.690847
1377683558469511962,2.193511962,-0.63213545,1.239273,9.528735
1377683558480864500,2.2048645,-0.66656387,1.2460089,9.458232
1377683558509337402,2.233337402,-0.73407346,1.2138258,9.51152
1377683558519804932,2.243804932,-0.7827223,1.161285,9.62723
1377683558548583007,2.272583007,-0.6541397,1.151256,9.649683
1377683558569151854,2.293151854,-0.55519545,1.2608281,9.691446
1377683558580809570,2.30480957,-0.59890455,1.3967454,9.799072
1377683558609770752,2.333770752,-0.52091676,1.346001,10.101893
1377683558620360351,2.344360351,-0.41688308,1.1406281,10.294243
1377683558648589110,2.37258911,-0.28830048,0.82643145,10.291399
1377683558668761230,2.39276123,-0.18666184,0.5882767,10.206376
1377683558680022217,2.404022217,-0.23276596,0.6635701,9.887838
1377683558708586669,2.432586669,-0.40131545,0.82104266,9.679023
1377683558719908690,2.44390869,-0.51178575,0.8912466,9.584419
1377683558748686767,2.472686767,-0.56881714,0.77448946,9.496102
1377683558769316651,2.493316651,-0.57660097,0.6414162,9.568402
1377683558780058838,2.504058838,-0.53289187,0.583786,9.7161455
1377683558808684325,2.532684325,-0.4483177,0.6090834,9.853709
1377683558828795410,2.55279541,-0.4429289,0.6397696,9.923913
1377683558835967040,2.55996704,-0.5230124,0.59007293,9.927356
1377683558868559814,2.592559814,-0.52226394,0.42661285,9.927805
1377683558893858885,2.617858885,-0.41703278,0.34982255,9.957593
1377683558899962402,2.623962402,-0.38709503,0.36030075,9.9589405
1377683558929594971,2.653594971,-0.40146515,0.32018417,9.8149395
1377683558952116942,2.676116942,-0.53858,0.2933899,9.572594
1377683558960020995,2.684020995,-0.7168593,0.34697846,9.419462
1377683558989409424,2.713409424,-0.70832705,0.35146913,9.323213
1377683558999999023,2.723999023,-0.60234743,0.20447479,9.388177
1377683559028868652,2.752868652,-0.62599826,0.067210235,9.457184
1377683559050566649,2.774566649,-0.47960266,0.0035925293,9.601783
1377683559059843993,2.783843993,-0.14699432,0.09639954,9.789642
1377683559088774659,2.812774659,-0.10059082,0.343835,9.951756
1377683559099852539,2.823852539,-0.10059082,0.5221143,10.054591
1377683559128478026,2.852478026,-0.06451584,0.5525011,10.140363
1377683559141753173,2.865753173,-0.07768845,0.5028044,10.155481
1377683559168608643,2.892608643,0.00464035,0.47451323,10.148596
1377683559179808594,2.903808594,0.2532733,0.4948709,10.240505
1377683559208617186,2.932617186,0.49472123,0.50070876,10.445878
1377683559219817138,2.943817138,0.5164261,0.3571573,10.458751
1377683559248503663,2.972503663,0.30895752,0.18741028,10.070309
1377683559259795166,2.983795166,0.19878662,0.1432521,9.661808
1377683559288695311,3.012695311,0.21106109,0.22707778,9.295969
1377683559299803710,3.02380371,0.30566436,0.50864226,9.427995
1377683559328490235,3.052490235,0.11765534,0.5451663,9.394015
1377683559339751221,3.063751221,-0.36179763,0.36045045,8.898246
1377683559368590331,3.092590331,-0.7526349,0.4514612,9.133556
1377683559379820800,3.1038208,-0.8177495,0.66027695,9.688902
1377683559408507325,3.132507325,-0.3409909,0.6286926,10.117909
1377683559419798828,3.143798828,0.15178436,0.4022136,10.533445
1377683559449736571,3.173736571,0.33395553,0.42167312,10.846445
1377683559459807372,3.183807372,0.3502716,0.66177386,10.76681
1377683559489226319,3.213226319,0.5078938,0.73093003,10.488239
1377683559500700927,3.224700927,0.7800279,0.5574408,10.278226
1377683559530516600,3.2545166,1.1177257,0.359702,10.123598
1377683559539793945,3.263793945,0.472717,0.5601352,9.789792
1377683559570738770,3.29473877,-0.6942563,0.8339159,9.278456
1377683559588652587,3.312652587,-0.79858935,0.7699988,9.066346
1377683559599974608,3.323974608,-0.4209247,0.49472123,9.235495
1377683559631010986,3.355010986,-0.0119750975,0.43170226,9.406439
1377683559640196777,3.364196777,0.5071454,0.32617173,9.748029
1377683559671111083,3.395111083,0.5957611,0.12648697,10.176139
1377683559679808592,3.403808592,-0.09415421,0.24833359,10.043814
1377683559708769775,3.432769775,-0.43634263,0.36479142,9.826915
1377683559731474854,3.455474854,-0.3275189,0.4379892,9.796827
1377683559740965820,3.46496582,-0.020507354,0.6791377,9.789942
1377683559769865966,3.493865966,0.3249742,0.9466315,9.602232
1377683559779784179,3.503784179,0.33979338,1.0014175,9.423504
1377683559808684327,3.532684327,0.047601014,0.8500822,9.536669
1377683559820982910,3.54498291,-0.023201752,0.65458876,9.585617
1377683559848906493,3.572906493,0.14444962,0.46508285,9.486822
1377683559859831786,3.583831786,0.35386413,0.39428008,9.527687
1377683559889433838,3.613433838,0.31374756,0.4447252,9.764944
1377683559909270263,3.633270263,0.27183473,0.31389725,9.962383
1377683559930541015,3.654541015,0.20627105,0.085472256,9.962383
1377683559939940429,3.663940429,0.09505234,0.09864487,9.971813
1377683559968749024,3.692749024,0.1992357,0.19699036,9.987531
1377683559980406738,3.704406738,0.28321105,0.14145584,9.94487
1377683560009184813,3.733184813,0.09654923,0.07379654,9.8728695
1377683560019804931,3.743804931,-0.14894028,0.052241363,9.893376
1377683560051787354,3.775787354,-0.25462052,0.07334747,9.952952
1377683560058806396,3.782806396,-0.28710297,0.051941987,9.979447
1377683560092284179,3.816284179,-0.27348128,-0.028740235,10.030791
1377683560100066161,3.824066161,-0.27153534,-0.052091673,9.981394
1377683560129210450,3.85321045,-0.27138564,-0.0013471985,9.812545
1377683560138091064,3.862091064,-0.21734802,0.032931518,9.7859
1377683560169859862,3.893859862,-0.12543915,0.085322574,9.956097
1377683560180510497,3.904510497,-0.03772156,0.101488955,10.118059
1377683560211302735,3.935302735,0.0071850587,0.064964905,10.152338
1377683560220396972,3.944396972,0.016465759,0.104782104,10.157128
1377683560249327636,3.973327636,-0.045205995,0.18890716,10.109528
1377683560270567871,3.994567871,-0.20686981,0.16450791,9.958791
1377683560280394531,4.004394531,-0.36464173,0.11555969,9.845027
1377683560311217284,4.035217284,-0.44951522,0.07634125,9.8712225
1377683560320342040,4.04434204,-0.46104127,0.16091537,9.878108
1377683560350127197,4.074127197,-0.53169435,0.2890489,9.849069
1377683560363493896,4.087493896,-0.640518,0.32841706,9.856553
1377683560390105224,4.114105224,-0.7003935,0.3848497,9.8519125
1377683560412932372,4.136932372,-0.6249504,0.40146515,9.947864
1377683560420287109,4.144287109,-0.51522857,0.40371048,10.15623
1377683560448729493,4.172729493,-0.42182282,0.37990996,10.392139
1377683560459898926,4.183898926,-0.42421782,0.40685394,10.424771
1377683560488707519,4.212707519,-0.4245172,0.5638774,10.3810625
1377683560511473632,4.235473632,-0.4245172,0.7023395,10.299782
1377683560519927002,4.243927002,-0.4245172,0.74260575,10.207423
1377683560550169921,4.274169921,-0.3797603,0.7575746,10.023307
1377683560560576415,4.284576415,-0.28336075,0.85217786,9.850416
1377683560590361572,4.314361572,-0.30880782,0.9583072,9.715996
1377683560600340820,4.32434082,-0.46882507,0.9940828,9.423953
1377683560630461669,4.354461669,-0.5480104,0.9753717,9.077573
1377683560640288329,4.364288329,-0.393831,1.017584,9.005722
1377683560672484375,4.396484375,-0.23411316,1.1076965,9.211993
1377683560680449463,4.404449463,-0.24833359,1.1770024,9.333541
1377683560710967040,4.43496704,-0.33111146,1.273402,9.278605
1377683560720335936,4.444335936,-0.19878662,1.443149,9.423654
1377683560748625732,4.472625732,0.030386811,1.5629,9.708362
1377683560759856201,4.483856201,0.13397141,1.597029,9.861942
1377683560791441894,4.515441894,0.103135526,1.6169375,9.816886
1377683560799895262,4.523895262,0.11690689,1.6974701,9.605974
1377683560830016113,4.554016113,0.20881577,1.7835411,9.559122
1377683560848814942,4.572814942,0.27258316,1.8223104,9.750873
1377683560859831787,4.583831787,0.41643402,1.8038988,9.918823
1377683560890349364,4.614349364,0.49666718,1.8284477,9.923913
1377683560899809814,4.623809814,0.3450325,1.8947598,9.783206
1377683560928465821,4.652465821,0.1619632,1.9041902,9.616901
1377683560949797607,4.673797607,0.18486556,1.950444,9.563462
1377683560959868407,4.683868407,0.24189697,1.8995498,9.50239
1377683560990538574,4.714538574,0.33096176,1.8027012,9.439671
1377683560999999024,4.723999024,0.53843033,1.8103354,9.557325
1377683561028593993,4.752593993,0.54636383,1.805246,9.68501
1377683561049742675,4.773742675,0.4631369,1.8312918,9.807156
1377683561059782958,4.783782958,0.61372375,1.9943029,9.82437
1377683561094481446,4.818481446,0.8361612,2.1791685,9.87736
1377683561102110840,4.82611084,0.95381653,2.2347028,9.941875
1377683561128539062,4.852539062,0.94872713,2.2180874,9.806856
1377683561152281738,4.876281738,0.77074724,2.104773,9.5175085
1377683561159911133,4.883911133,0.63527894,2.02933,9.318123
1377683561189330077,4.913330077,0.658331,2.030677,9.321416
1377683561210997558,4.934997558,0.74904233,2.0640578,9.38189
1377683561221617675,4.945617675,0.6890172,2.0624113,9.357042
1377683561248991944,4.972991944,0.5519023,2.0383112,9.320518
1377683561280486083,5.004486083,0.51118696,1.9478993,9.320218
1377683561308592773,5.032592773,0.57510406,1.935026,9.30046
1377683561319914795,5.043914795,0.6500981,1.9366727,9.216784
1377683561348998046,5.072998046,0.68722093,1.9127225,9.241333
1377683561359831786,5.083831786,0.6294411,1.8708097,9.475895
1377683561388701416,5.112701416,0.54067564,1.8043479,9.688602
1377683561398070313,5.122070313,0.5736072,1.699416,9.711655
1377683561428832031,5.152832031,0.7038364,1.667233,9.762698
1377683561439909911,5.163909911,0.7699988,1.7408798,9.815239
1377683561469237305,5.193237305,0.6505472,1.864822,9.798175
1377683561480071045,5.204071045,0.51043856,1.8878741,9.681268
1377683561511626220,5.23562622,0.5842351,1.7708175,9.4253
1377683561519865965,5.243865965,0.5854326,1.6528629,9.31468
1377683561551238037,5.275238037,0.38110748,1.5760726,9.149873
1377683561559782959,5.283782959,0.29039612,1.4154565,8.7576885
1377683561588744140,5.31274414,0.46657974,1.30319,8.225844
1377683561599822020,5.32382202,0.50040936,1.3451028,7.3922276
1377683561628539062,5.352539062,0.3489244,1.2606784,6.217321
1377683561649229981,5.373229981,0.084723815,0.9488768,5.544021
1377683561659789062,5.383789062,-0.10508148,0.5692662,5.1876125
1377683561688506103,5.412506103,0.47870454,0.027393036,4.808301
1377683561709929443,5.433929443,1.6010705,-0.552052,5.251529
1377683561720030762,5.444030762,2.1528232,-1.1066487,6.4656544
1377683561748442626,5.472442626,2.2978716,-1.5135026,7.1926928
1377683561760161376,5.484161376,3.1014006,-1.7101936,7.26634
1377683561789916015,5.513916015,5.423821,-1.499881,9.618998
1377683561799803711,5.523803711,10.257869,0.07888596,14.91678
1377683561829802490,5.55380249,15.658937,2.7720854,18.868263
1377683561839812255,5.563812255,18.592386,4.9301476,19.851269
1377683561872160888,5.596160888,19.113453,5.4073553,19.98509
1377683561879881836,5.603881836,19.184256,2.9226723,20.003202
1377683561908965087,5.632965087,19.193836,-2.752626,20.005749
1377683561929594970,5.65359497,19.195183,-9.509575,20.006046
1377683561940123535,5.664123535,19.195333,-15.261514,20.006046
1377683561970305420,5.69430542,18.404676,-18.790125,20.006046
1377683561979826904,5.703826904,15.896343,-19.750528,20.006046
1377683562008727050,5.73272705,13.448034,-19.88465,19.97596
1377683562029814697,5.753814697,11.680061,-19.902761,18.848354
1377683562039885497,5.763885497,7.339687,-19.905306,14.889986
1377683562070494627,5.794494627,-0.27887008,-19.905605,8.291857
1377683562079863524,5.803863524,-8.477771,-19.905605,2.740651
1377683562108733154,5.832733154,-14.077176,-19.905605,0.26614654
1377683562130003907,5.854003907,-15.884218,-19.905605,-1.2591815
1377683562139769531,5.863769531,-15.170652,-19.905605,-3.7574863
1377683562170531248,5.894531248,-13.79172,-19.905605,-6.6614475
1377683562189208006,5.913208006,-13.338014,-19.905605,-7.818691
1377683562199980711,5.923980711,-14.413527,-19.905605,-6.1454706
1377683562229857421,5.953857421,-16.38852,-19.905605,-3.6793487
1377683562239867187,5.963867187,-18.397043,-19.905605,-2.6057813
1377683562270567871,5.994567871,-19.120039,-19.905605,-1.9237994
1377683562289397215,6.013397215,-14.756314,-19.905605,0.35670823
1377683562310576413,6.034576413,-3.4456847,-19.905605,4.7238765
1377683562319823240,6.04382324,9.832154,-19.905605,11.400293
1377683562353209471,6.077209471,17.413738,-19.905605,17.344881
1377683562360411620,6.08441162,18.952988,-19.905605,19.630629
1377683562393889404,6.117889404,19.162401,-19.905605,19.955004
1377683562400023438,6.124023438,19.190992,-19.535126,19.99916
1377683562433165526,6.157165526,19.194735,-16.22581,20.00515
1377683562449736571,6.173736571,19.195333,-9.891131,20.006046
1377683562461028075,6.185028075,19.195333,-4.19323,20.006046
1377683562490141846,6.214141846,19.195333,-0.47675857,20.006046
1377683562500365234,6.224365234,19.180365,1.8580861,19.098635
1377683562532744382,6.256744382,18.109041,2.9720695,15.747553
1377683562540465330,6.26446533,15.191758,2.8940818,11.008108
1377683562570006347,6.294006347,11.265424,1.6480728,7.666308
1377683562580412841,6.304412841,7.548952,-0.25372237,6.085745
1377683562620543457,6.344543457,2.613565,-2.633773,5.7341256
1377683562649962400,6.3739624,1.8320403,-2.80831,5.935008
1377683562661101316,6.385101316,1.8446141,-2.4685166,5.9209375
1377683562689574217,6.413574217,2.038461,-1.7545015,5.951923
1377683562700255370,6.42425537,1.8853295,-0.9054671,6.2921653
1377683562729735352,6.453735352,1.5042219,-0.20237915,6.711743
1377683562740294434,6.464294434,1.4572197,0.5581892,7.1630545
1377683562770384764,6.494384764,1.6607964,1.3266912,7.693701
1377683562780364012,6.504364012,1.8694625,1.5495776,8.229587
1377683562820250487,6.544250487,2.4307952,1.8558408,9.873618
1377683562849425293,6.573425293,2.336192,1.6985179,9.663455
1377683562871001221,6.595001221,2.389032,1.7634828,9.443711
1377683562880370117,6.604370117,2.6689498,2.0604653,9.272468
1377683562913084959,6.637084959,2.5093818,2.1553679,9.17996
1377683562921172116,6.645172116,1.6917819,1.8047969,9.0832615
1377683562950224852,6.674224852,0.91205335,1.3358221,8.853189
1377683562960356688,6.684356688,1.0030642,1.223406,8.719218
1377683563001708008,6.725708008,2.4421716,2.3276596,9.460327
1377683563030608153,6.754608153,2.1544697,2.0933967,9.680369
1377683563040373777,6.764373777,1.5886464,1.7359401,9.749526
1377683563070006347,6.794006347,1.0871892,1.6542101,9.582024
1377683563080962157,6.804962157,0.9428893,1.5732285,9.462722
1377683563109465576,6.833465576,0.50579816,1.2231065,9.547895
1377683563120360350,6.84436035,0.16615447,1.1476635,9.782457
1377683563154845212,6.878845212,1.0440788,1.6384927,9.874965
1377683563160216307,6.884216307,2.09669,2.0372634,9.866432
1377683563196684813,6.920684813,2.1823118,2.047143,9.645791
1377683563221190430,6.94519043,1.7344432,1.7741107,9.19957
1377683563248930907,6.972930907,1.5155983,1.7161812,9.472901
1377683563259795164,6.983795164,1.2063414,1.6931291,9.92541
1377683563298186278,7.022186278,1.1184741,1.672023,10.1261425
1377683563320128417,7.044128417,1.801354,1.6497194,9.870474
1377683563349394775,7.073394775,1.9670595,1.4916481,9.767039
1377683563359801268,7.083801268,1.8396744,1.3680053,9.692345
1377683563388487791,7.112487791,1.6745677,1.393153,9.546997
1377683563400053953,7.124053953,1.6968713,1.4953903,9.322763
1377683563428740478,7.152740478,1.8083894,1.4043796,9.144184
1377683563439787842,7.163787842,1.934577,1.2326866,9.044791
1377683563468749023,7.192749023,2.1531227,1.0376422,8.9199505
1377683563479735351,7.203735351,2.6041346,0.5484595,8.620423
1377683563508299802,7.232299802,3.2491434,-0.2881508,8.062385
1377683563519713377,7.243713377,3.782035,-1.0012679,7.186855
1377683563559782958,7.283782958,3.939957,-1.5708334,6.191874
1377683563581267334,7.305267334,3.436404,-2.7192452,4.0454874
1377683563611754393,7.335754393,3.3844619,-3.1647189,2.9530592
1377683563622588132,7.346588132,3.716322,-3.1256502,2.4465125
1377683563652007079,7.376007079,4.432283,-3.7914655,3.7362304
1377683563660521483,7.384521483,5.900879,-5.0240026,6.1255617
1377683563706908203,7.430908203,12.051439,-2.7705886,8.625962
1377683563741179441,7.465179441,14.039305,-0.2296225,7.031328
1377683563773955320,7.49795532,13.667029,-0.53648436,6.221812
1377683563801207519,7.525207519,13.591137,-1.165177,4.4141707
1377683563844023680,7.56802368,12.586576,-2.3191273,2.350562
1377683563880797362,7.604797362,12.31519,-3.1163695,-1.0755135
1377683563923705078,7.647705078,6.6556096,-3.4206867,-0.53049684
1377683563959959960,7.68395996,5.5664744,-2.352957,0.5031038
1377683563999907469,7.723907469,4.3489065,-3.7122803,-2.0041823
1377683564040984130,7.76498413,2.5661137,-8.119565,-2.1378543
1377683564080962157,7.804962157,6.35234,-16.208744,2.5652156
1377683564120482420,7.84448242,4.9127836,-15.15763,-0.51941985
1377683564161894775,7.885894775,10.297536,-6.50652,1.7402811
1377683564200072265,7.924072265,2.7690916,-5.0283437,-5.846542
1377683564245055173,7.969055173,1.2394226,-6.050867,-0.10538086
1377683564282164550,8.00616455,-1.660946,-9.292227,-2.4171734
1377683564320555663,8.044555663,2.2902374,-3.2510893,1.7327967
1377683564366454100,8.0904541,2.5463548,-11.052715,-7.130572
1377683564403014160,8.12701416,-0.54501665,-10.224937,-3.2451017
1377683564441527343,8.165527343,-1.7654288,-9.056018,-3.5392401
1377683564480406736,8.204406736,-2.5764422,-10.977722,-6.4999332
1377683564518645263,8.242645263,-2.540966,-10.746602,-5.740862
1377683564541991211,8.265991211,-1.3256433,-11.088192,-5.3443365
1377683564578520750,8.30252075,-1.359922,-12.725338,-6.0463767
1377683564604704832,8.328704832,-1.6263679,-11.8372345,-3.2196548
1377683564645689941,8.369689941,0.82179105,-9.886191,-4.4357257
1377683564681548095,8.405548095,-2.5987458,-6.9985466,-5.153184
1377683564721068357,8.445068357,-3.2944992,-7.6842704,-5.3793635
1377683564758696533,8.482696533,-3.0573921,-8.681197,-5.9618025
1377683564769957519,8.493957519,-3.1811848,-8.873997,-6.2343855
1377683564798674559,8.522674559,-3.3817675,-8.010741,-5.3593054
1377683564809813475,8.533813475,-4.1477246,-6.7512608,-4.2228684
1377683564843352293,8.567352293,-4.082011,-12.214001,-3.97199
1377683564885436035,8.609436035,-2.2650898,-12.817995,-2.1981788
1377683564919066406,8.643066406,-2.5494983,-7.952962,-0.891546
1377683564930266356,8.654266356,-2.6478438,-5.239255,1.0000703
1377683564962920164,8.686920164,1.5501764,-9.921219,-0.09639954
1377683565008360840,8.73236084,1.900897,-12.268039,2.4748037
1377683565038664794,8.762664794,0.46643007,-10.878927,1.2305909
1377683565078886961,8.802886961,-1.0005194,-6.9840264,-1.3593233
1377683565105925536,8.829925536,2.956951,-7.6387653,2.7153535
1377683565143065430,8.86706543,3.179538,-9.321416,-1.6079563
1377683565178801512,8.902801512,3.715723,-9.388327,-2.7791207
1377683565207518553,8.931518553,4.622388,-8.192314,1.109343
1377683565247221924,8.971221924,2.664609,-7.1470375,1.7895286
1377683565278593993,9.002593993,2.4517515,-8.466843,0.9970766
1377683565308562254,9.032562254,2.5333319,-10.866054,1.0207274
1377683565338561034,9.062561034,2.5177643,-11.196417,1.6718733
1377683565349852539,9.073852539,1.8615289,-11.671229,1.1731105
1377683565384581543,9.108581543,0.24908203,-12.768598,-0.027093658
1377683565427550291,9.151550291,3.7408707,-12.942835,0.70787793
1377683565461333252,9.185333252,4.1294627,-12.706776,-0.35775605
1377683565498534180,9.22253418,3.9935453,-12.41653,0.2865042
1377683565509795166,9.233795166,3.2389646,-11.923006,0.65488815
1377683565541594480,9.26559448,2.0619621,-9.169183,-0.5658234
1377683565582518554,9.306518554,1.1032059,-8.560548,-1.9583775
1377683565620604493,9.344604493,1.3263917,-8.380323,-1.6250207
1377683565632781006,9.356781006,0.8680449,-11.066487,-2.2010229
1377683565667265867,9.391265867,-3.0174253,-19.318377,-5.4745655
1377683565699278808,9.423278808,-2.9870384,-17.373022,-1.959126
1377683565727110840,9.45111084,4.87626,-2.8668385,-5.9242306
1377683565761168456,9.485168456,2.1665945,-8.456664,-6.9980974
1377683565802000975,9.526000975,-3.6944673,-1.1951147,-6.9638186
1377683565850188233,9.574188233,-1.1211685,3.1252012,-0.8265811
1377683565882872558,9.606872558,-3.8815782,2.915637,2.0417542
1377683565918822265,9.642822265,-5.899532,2.0892055,1.5271243
1377683565939299560,9.66329956,-6.3791347,0.10762619,1.3448035
1377683565950194336,9.674194336,-4.9870296,-2.2234762,1.3927039
1377683565981841065,9.705841065,1.1713142,-7.339537,3.7503011
1377683566018614744,9.742614744,2.0514839,-6.4045815,1.2687616
1377683566039488768,9.763488768,-0.24294479,-3.3783247,3.7980518
1377683566050139403,9.774139403,-1.6667839,-7.5040455,2.770439
1377683566080351807,9.804351807,-1.145418,-13.3601675,0.95216995
1377683566082427002,9.806427002,-1.0666819,-12.109668,7.7040296
1377683566119780517,9.843780517,1.5057188,-6.6460295,11.463162
1377683566139677977,9.863677977,9.638157,-6.6105533,7.8439884
1377683566205565430,9.92956543,-2.0981867,-19.750978,-3.65944
1377683566209807374,9.933807374,-5.6679635,-19.502045,-7.7993813
1377683566241850829,9.965850829,3.566184,-7.0379148,-4.1598496
1377683566280425047,10.004425047,6.997199,-3.2995884,-1.9670595
1377683566289824462,10.013824462,7.0448003,-3.0873299,-2.2778132
1377683566318449951,10.042449951,4.287235,-2.5066874,0.71087176
1377683566339842774,10.063842774,0.6905141,-2.3061044,4.104315
1377683566349791504,10.073791504,-0.32467484,-2.8529174,2.845433
1377683566378508543,10.102508543,0.12558883,-2.4028034,1.3718971
1377683566389830565,10.113830565,-0.6010002,-3.3009357,-4.211642
1377683566424345947,10.148345947,-11.428434,-17.473614,-11.326197
1377683566458495117,10.182495117,-7.921228,-19.544706,1.033451
1377683566470000244,10.194000244,-2.4631279,-14.598093,4.868476
1377683566498503660,10.22250366,-0.96264815,-3.6250117,0.41044647
1377683566509825682,10.233825682,2.2008734,3.06323,-2.312092
1377683566542021728,10.266021728,-3.1737003,4.355942,-2.7999275
1377683566578734376,10.302734376,-3.454217,5.0850754,-3.3078213
1377683566583586670,10.30758667,-1.5027251,6.1324477,-1.3876145
1377683566618468260,10.34246826,-1.5025754,6.837631,1.9227517
1377683566631834959,10.355834959,-2.625091,6.7786536,3.3684454
1377683566659483886,10.383483886,-3.2784824,6.0912833,3.6265087
1377683566678679444,10.402679444,-2.722239,2.6822722,4.778962
1377683566689848877,10.413848877,-2.0901036,-4.6003833,5.986501
1377683566718596434,10.442596434,-3.2451017,-13.083243,4.39531
1377683566723814939,10.447814939,-4.773274,-18.361567,-3.5604959
1377683566758696533,10.482696533,-1.7702188,-17.617615,-6.6979713
1377683566769804932,10.493804932,-5.1528845,-6.278843,4.6220884
1377683566798521972,10.522521972,-12.047398,5.7338266,9.910891
1377683566809813475,10.533813475,-7.17952,6.4226937,1.25514
1377683566842589355,10.566589355,7.48264,-2.0574715,17.055384
1377683566879179931,10.603179931,4.948709,-11.830499,14.091995
1377683566889800047,10.613800047,-2.64485,-17.862804,-1.6982186
1377683566918486572,10.642486572,-8.808283,-15.675103,-10.665321
1377683566939208008,10.663208008,-8.379126,-12.312047,-6.6762667
1377683566949797607,10.673797607,-1.817221,-9.213191,-4.968917
1377683566978758788,10.702758788,5.5808444,-4.2623863,-5.5006113
1377683566990050292,10.714050292,6.7172813,-3.4022748,-7.301816
1377683567018584229,10.742584229,5.819748,-7.7179503,-7.770491
1377683567039519286,10.763519286,5.66961,-8.714727,-3.4332604
1377683567049864744,10.773864744,2.5480013,-4.019142,1.1087444
1377683567079924560,10.80392456,-2.5027955,-0.6689589,2.8520193
1377683567089903808,10.813903808,-4.356391,-1.5301181,3.1078372
1377683567118529296,10.842529296,-3.9881566,-5.560337,-1.3783337
1377683567138915038,10.862915038,-5.965395,-12.779375,-5.8911495
1377683567149992919,10.873992919,-8.450527,-18.500927,-6.0031166
1377683567182768799,10.906768799,-3.1906152,-19.87971,0.9548643
1377683567218657470,10.94265747,-3.7223094,-17.495018,3.651806
1377683567247923828,10.971923828,1.6383431,4.089346,6.184689
1377683567283507323,11.007507323,-3.7416193,11.216625,0.98225737
1377683567320158935,11.044158935,-1.1966116,6.0402393,1.3992902
1377683567330901123,11.054901123,0.7550299,3.3632061,3.1237042
1377683567360350585,11.084350585,-0.46223876,4.1561074,4.6562176
1377683567370451903,11.094451903,-3.1835797,7.1289253,4.36148
1377683567399626709,11.123626709,-4.156407,7.10273,4.806954
1377683567410338379,11.134338379,-2.1579125,2.308649,5.9121056
1377683567439757323,11.163757323,-1.2973522,-6.6186366,2.9103978
1377683567463042235,11.187042235,-2.5936565,-19.199524,-8.070467
1377683567501341797,11.225341797,-6.777157,-18.248852,-2.1770728
1377683567510405517,11.234405517,-10.173893,-6.187982,9.8094015
1377683567539946532,11.263946532,-8.241562,10.095157,5.9805136
1377683567550383544,11.274383544,-1.5775695,12.456197,5.827681
1377683567586852051,11.310852051,1.6308587,-10.530152,14.461727
1377683567620818114,11.344818114,3.2177088,-17.548607,8.698562
1377683567630888915,11.354888915,2.7909462,-19.545753,-5.9444385
1377683567659972168,11.383972168,-2.2598505,-17.582737,-9.352402
1377683567670683838,11.394683838,-7.9035645,-12.698693,-5.042564
1377683567698912597,11.422912597,-3.3997302,-9.202863,-8.162376
1377683567709959960,11.43395996,3.0087433,-6.5054717,-12.679832
1377683567738860108,11.462860108,6.1147842,-3.459007,-7.0376153
1377683567751158691,11.475158691,5.705236,-2.3369403,-0.5548961
1377683567779326415,11.503326415,1.9258951,-2.1209395,-1.7437239
1377683567804167724,11.528167724,1.1307486,-1.9344274,3.4986744
1377683567843169188,11.567169188,1.2376263,-2.838098,-0.20686981
1377683567849944090,11.57394409,-2.930606,-6.5165486,-5.216053
1377683567879851318,11.603851318,-6.186934,-12.48389,-3.6913238
1377683567891570068,11.615570068,-6.681805,-17.82149,-4.5921507
1377683567926512694,11.650512694,0.76505905,-19.866238,0.31165192
1377683567970274902,11.694274902,-2.6915529,-9.805659,6.9865713
1377683568005156493,11.729156493,-0.98704743,7.5832305,2.2996678
1377683568045134521,11.769134521,-2.990182,7.431596,-0.59635985
1377683568080412841,11.804412841,-0.45071274,5.728737,1.5188915
1377683568103056883,11.827056883,-4.2861867,9.0992775,5.3120036
1377683568139311768,11.863311768,-5.2491345,6.969806,6.692433
1377683568149931884,11.873931884,-3.4437387,1.4765296,7.076085
1377683568179930663,11.903930663,-3.7905674,-6.313122,7.8953314
1377683568189940429,11.913940429,-3.2807276,-15.004647,6.3532386
1377683568218565918,11.942565918,2.192341,-17.222734,-3.867208
1377683568239317870,11.96331787,-1.8419197,-11.112591,-2.270778
1377683568252593016,11.976593016,-12.612323,-8.3675995,1.9510428
1377683568278563476,12.002563476,-9.413475,-5.5851855,2.133663
1377683568289916016,12.013916016,1.4444962,4.8907795,8.92504
1377683568330565428,12.054565428,8.754545,-4.9967594,13.689932
1377683568359435058,12.083435058,4.7125,-15.504458,2.849774
1377683568386443115,12.110443115,-7.61706,-16.582216,-7.8918886
1377683568418578124,12.142578124,-5.845045,-12.327914,-6.6006737
1377683568439360595,12.163360595,-0.0040415954,-8.341703,-7.8742256
1377683568449919678,12.173919678,4.318969,-5.766608,-8.769215
1377683568478697753,12.202697753,7.7001376,-5.454058,-5.819598
1377683568484923339,12.208923339,8.783734,-5.070406,-1.2606784
1377683568521483398,12.245483398,4.567003,-3.0502071,-3.1296918
1377683568530852295,12.254852295,-1.5726297,-0.94528425,-0.7348219
1377683568560301757,12.284301757,-3.033442,-0.32018417,6.1391835
1377683568570403075,12.294403075,-2.2634432,-2.611619,1.3201048
1377683568600340820,12.32434082,-3.8113742,-7.904612,-6.927145
1377683568621764160,12.34576416,-5.9794655,-14.898818,-5.2888017
1377683568630766845,12.354766845,-4.6783714,-18.986069,0.27512786
1377683568659453368,12.383453368,1.4552737,-19.780617,0.5882767
1377683568670622802,12.394622802,0.37287462,-19.5721,1.5082636
1377683568700591065,12.424591065,-4.9314947,-17.259857,2.9422815
1377683568713500000,12.4375,-0.76640624,-12.809313,4.6783714
1377683568740050292,12.464050292,4.2689724,-1.7887802,2.648742
1377683568750426269,12.474426269,-0.77553725,9.476644,-0.47286665
1377683568779906250,12.50390625,-4.1772137,9.520053,1.5091617
1377683568790465332,12.514465332,-1.2808864,5.775739,2.3812482
1377683568822966551,12.546966551,-0.15702347,6.11688,4.0764728
1377683568830931640,12.55493164,-1.181044,7.7218423,5.4278626
1377683568861937500,12.5859375,-2.8897407,8.837173,5.9805136
1377683568872130371,12.596130371,-3.5371444,6.230344,6.881789
1377683568902983641,12.626983641,-3.0380824,-0.11585907,7.17952
1377683568905821776,12.629821776,-4.0136037,-9.049132,4.122577
1377683568933470703,12.657470703,-1.2470567,-16.835491,-3.9755828
1377683568961821532,12.685821532,3.1599288,-17.717905,-12.265793
1377683568974547362,12.698547362,1.4465919,-13.643378,-3.4798136
1377683569003539062,12.727539062,-6.547235,-11.090437,4.8395863
1377683569010405518,12.734405518,-8.711884,-3.3304243,0.3571573
1377683569039854980,12.76385498,-2.7325675,10.60799,0.14280304
1377683569061949706,12.785949706,-1.259481,10.577005,4.6466374
1377683569070250488,12.794250488,-1.9625688,-1.6081059,10.043664
1377683569102995850,12.82699585,2.4369323,-13.320351,13.016932
1377683569110991455,12.834991455,8.084538,-18.757942,3.247347
1377683569139861083,12.863861083,1.4328204,-19.240389,-7.73756
1377683569164214111,12.888214111,-8.241262,-13.448783,-6.553073
1377683569199309325,12.923309325,2.3040087,-8.418793,-8.79526
1377683569221800780,12.94580078,9.07428,-1.8627264,-8.714278
1377683569230803466,12.954803466,11.157947,0.58333695,-5.3173923
1377683569262968994,12.986968994,7.199129,-0.8707393,-2.3480172
1377683569270415283,12.994415283,2.3417304,-3.667673,1.0139914
1377683569299498534,13.023498534,0.05628296,-6.145171,1.3395643
1377683569310332275,13.034332275,-2.3876848,-11.446846,-1.8860779
1377683569339903809,13.063903809,-6.156847,-17.048048,-1.2229569
1377683569350401855,13.074401855,-8.945099,-19.496807,-0.6512956
1377683569381743407,13.105743407,-7.8278217,-19.85007,-2.7818153
1377683569390318847,13.114318847,-4.649631,-19.89812,-3.3950899
1377683569419402100,13.1434021,-1.7639319,-19.675684,4.882696
1377683569430907226,13.154907226,-2.2119503,-16.180452,15.298038
1377683569460082030,13.18408203,-0.68662214,-3.380121,11.886632
1377683569481902099,13.205902099,0.31299913,9.48802,1.9323317
1377683569490294434,13.214294434,-1.8962567,10.335707,-3.4735267
1377683569523009276,13.247009276,-1.9570303,7.7212434,-3.2650104
1377683569530913329,13.254913329,-0.84738785,9.591904,0.20252883
1377683569561919189,13.285919189,-1.9835253,10.882669,5.0052915
1377683569594206787,13.318206787,-3.3914974,7.6408606,6.868317
1377683569621977782,13.345977782,-2.9175828,2.3065536,5.844147
1377683569630919433,13.354919433,-2.285148,-4.3840833,4.48647
1377683569663695313,13.387695313,-3.083438,-12.609478,0.23171814
1377683569670989013,13.394989013,-1.9901116,-18.478325,-8.76652
1377683569701933837,13.425933837,0.19998413,-18.661243,-7.298822
1377683569710326171,13.434326171,-5.820496,-17.466278,2.6264384
1377683569739775635,13.463775635,-11.138338,-10.39678,10.090218
1377683569750426269,13.474426269,-8.1987505,1.4257851,10.383307
1377683569781035399,13.505035399,-3.6304007,5.8589664,7.538773
1377683569790495849,13.514495849,-2.293381,-1.7580941,5.3405943
1377683569821776368,13.545776368,0.66850984,-13.015883,7.84803
1377683569830931640,13.55493164,7.498058,-18.757942,3.069068
1377683569859923339,13.583923339,4.9527507,-19.161953,-7.9986167
1377683569881865478,13.605865478,-3.155588,-16.103363,-8.703501
1377683569890318848,13.614318848,-0.88960004,-12.066258,-9.98304
1377683569920042968,13.644042968,5.9059687,-6.898704,-11.124117
1377683569930907225,13.654907225,8.638237,-1.1518548,-3.8510418
1377683569961180664,13.685180664,6.3560824,0.7268884,-1.101709
1377683569970458008,13.694458008,1.9489472,-0.88091815,-3.757187
1377683570001952148,13.725952148,0.13067825,-2.9356952,-0.9960287
1377683570010436034,13.734436034,2.2511687,-3.8420603,2.9042606
1377683570047881104,13.771881104,-1.8669177,-12.460688,-2.5438101
1377683570081511474,13.805511474,-7.2387967,-17.860859,-3.5507662
1377683570090270018,13.814270018,-7.9876895,-19.624191,-5.523514
1377683570132262207,13.856262207,0.041613463,-19.900517,5.9296193
1377683570158080077,13.882080077,1.6595988,-16.43642,14.746883
1377683570165373778,13.889373778,2.5608747,-3.8592746,12.928465
1377683570203032470,13.92703247,0.061671752,11.028167,3.0343401
1377683570210417725,13.934417725,-4.968917,14.619349,-2.3535557
1377683570241026855,13.965026855,-7.935598,10.334808,-0.37197646
1377683570252867674,13.976867674,-4.624483,7.4130344,3.2106733
1377683570279906250,14.00390625,-0.9090596,7.2111044,4.7632446
1377683570290434815,14.014434815,-0.06256989,7.132518,5.395829
1377683570320525146,14.044525146,-0.16989669,4.2724156,4.8609915
1377683570333647703,14.057647703,0.7764354,0.22752686,2.8166926
1377683570360594726,14.084594726,1.257984,-4.5349693,0.2574646
1377683570370818115,14.094818115,-0.47151947,-12.046649,0.001646576
1377683570399962402,14.123962402,-0.8912466,-18.262323,-0.30835876
1377683570421385741,14.145385741,-1.10126,-19.682121,-1.0719209
1377683570430541015,14.154541015,-7.5425153,-15.435901,4.162993
1377683570459563233,14.183563233,-13.096865,0.16944763,11.952495
1377683570470793701,14.194793701,-8.091125,13.53725,10.465636
1377683570500761962,14.224761962,-2.9484186,7.2775664,8.78568
1377683570521269775,14.245269775,-1.2569362,-7.8492274,10.068363
1377683570530974365,14.254974365,4.126768,-17.226028,10.814261
1377683570571196533,14.295196533,5.861062,-19.741697,-6.1502604
1377683570601866698,14.325866698,-4.3541455,-18.574125,-8.841214
1377683570610259032,14.334259032,-3.391647,-16.227156,-10.855126
1377683570653136231,14.377136231,10.104588,-5.46274,-7.9794564
1377683570680418944,14.404418944,9.910142,-1.9727477,1.5552658
1377683570690367675,14.414367675,4.9461646,-0.8625064,-1.1362871
1377683570732604004,14.456604004,-5.2995796,-1.9113753,1.4591657
1377683570761839842,14.485839842,-3.054099,-2.8595037,2.0576212
1377683570770689940,14.49468994,-2.7900481,-5.936056,-2.9249177
1377683570802458740,14.52645874,-4.574637,-9.978101,-5.8540263
1377683570810423829,14.534423829,-6.2328887,-15.068115,-7.661368
1377683570841643309,14.565643309,-2.5306375,-18.939514,-5.4510646
1377683570850340819,14.574340819,1.5679893,-19.774328,2.0068767
1377683570879881836,14.603881836,0.50205594,-19.758312,8.523874
1377683570890379883,14.614379883,-1.2187656,-14.941928,10.555
1377683570920104003,14.644104003,-0.46388534,-3.752247,5.3789144
1377683570940947509,14.664947509,-1.660946,8.856782,-0.7921527
1377683570950255371,14.674255371,-3.8381684,14.04185,-0.63872176
1377683570980437256,14.704437256,-2.3095472,12.279415,1.5127542
1377683570990385986,14.714385986,1.2903168,9.768686,2.098636
1377683571021819091,14.745819091,0.6592291,8.19396,2.5810826
1377683571030302978,14.754302978,-3.596571,8.04981,4.752018
1377683571062956786,14.786956786,-4.959337,5.4130435,6.1189756
1377683571070891356,14.794891356,-1.3242961,0.38155654,5.123396
1377683571100554443,14.824554443,0.9792636,-7.21335,1.7377363
1377683571110228515,14.834228515,0.839604,-15.383659,-0.02215393
1377683571144103027,14.868103027,1.5521224,-18.74971,-4.3257046
1377683571150389648,14.874389648,-2.5658143,-12.030632,-6.0526633
1377683571179717041,14.903717041,-12.487033,-3.679798,3.8496945
1377683571190428711,14.914428711,-12.583881,-5.1476455,6.1444225
1377683571222502684,14.946502684,-4.4297385,-3.30363,6.550079
1377683571230437254,14.954437254,-1.4470409,2.9773088,12.454551
1377683571274199463,14.998199463,6.0763144,-9.279503,11.225456
1377683571300169922,15.024169922,11.649674,-17.0714,5.5568943
1377683571310301757,15.034301757,4.266877,-19.405645,-6.2776456
1377683571352843260,15.07684326,-4.6822634,-16.17716,-11.796968
1377683571381712891,15.105712891,4.256848,-10.070159,-10.253827
1377683571390349366,15.114349366,8.951835,-3.8044884,-4.881349
1377683571419341063,15.143341063,8.726104,-1.7407302,1.4913487
1377683571430357909,15.154357909,4.968618,-1.26951,-0.27408004
1377683571459105469,15.183105469,-0.2802173,-0.5917195,-3.1889684
1377683571482970214,15.206970214,-2.3767576,-0.036823425,0.7345226
1377683571491789794,15.215789794,-1.0078541,-1.0566527,3.1907647
1377683571524382567,15.248382567,-0.75053924,-4.8329997,0.6529422
1377683571540953613,15.264953613,-2.8794122,-11.981983,-3.5191817
1377683571554259277,15.278259277,-4.575236,-18.072369,-5.606142
1377683571579710936,15.303710936,-2.5177643,-19.656374,-4.1161404
1377683571586760496,15.310760496,1.1647279,-19.871777,-1.4642551
1377683571619414307,15.343414307,1.0960208,-19.885998,2.011517
1377683571630370118,15.354370118,-0.07439529,-17.594412,7.8225827
1377683571667876220,15.39187622,1.9546353,8.79571,4.829557
1377683571699828125,15.423828125,-4.0739284,12.620556,1.7060024
1377683571722594238,15.446594238,-4.1921825,7.098838,2.966531
1377683571730406737,15.454406737,-0.81415695,4.7722263,2.9407847
1377683571774718261,15.498718261,-2.5619226,9.341025,3.3115635
1377683571800108887,15.524108887,-4.018244,8.406669,5.6760464
1377683571810423827,15.534423827,-2.7792704,4.2602906,6.7476683
1377683571842589355,15.566589355,-0.8955876,-1.9893631,4.31822
1377683571850493408,15.574493408,-1.3156142,-10.9405985,0.7009923
1377683571879851318,15.603851318,0.5053491,-17.744999,-5.637277
1377683571900511717,15.624511717,3.7284467,-15.075301,-8.062235
1377683571922362304,15.646362304,-0.7300319,-10.531799,0.8738828
1377683571929900146,15.653900146,-9.4973,-10.883718,2.537074
1377683571970000243,15.694000243,-4.201912,0.6692583,9.778266
1377683572000578857,15.724578857,-3.2871642,-1.5338603,7.2419405
1377683572010436035,15.734436035,-0.36434233,-10.9641,7.0985384
1377683572054717040,15.77871704,10.313403,-19.607126,0.1405577
1377683572084685302,15.808685302,-0.26734406,-17.810263,-8.427325
1377683572091032959,15.815032959,-4.315825,-13.869409,-8.423134
1377683572119597412,15.843597412,2.3869364,-9.035062,-8.450078
1377683572130553222,15.854553222,7.061865,-4.0435414,-6.531817
1377683572160857177,15.884857177,5.712271,-0.7845186,-5.615273
1377683572170470215,15.894470215,1.9046392,-1.0951227,-5.1135163
1377683572200041748,15.924041748,-0.23396347,-2.4839346,0.24758515
1377683572210509277,15.934509277,1.2223581,-2.4888744,3.771557
1377683572257445312,15.981445312,1.6884887,-7.514823,-2.3468199
1377683572282042480,16.00604248,-3.8136196,-13.150603,-2.2815554
1377683572291045165,16.015045165,-8.906778,-17.997524,-1.549877
1377683572321837401,16.045837401,-8.827144,-19.642754,-2.6875112
1377683572330443358,16.054443358,-3.1648686,-19.86998,-0.7656578
1377683572361540771,16.085540771,1.4286292,-19.665955,3.8556821
1377683572370573975,16.094573975,1.2388239,-14.035862,3.7097356
1377683572412413573,16.136413573,1.8471588,4.7755194,2.5822802
1377683572440978025,16.164978025,-3.3169525,10.197394,-2.5521927
1377683572465117430,16.18911743,-7.3140903,9.847123,-0.9451346
1377683572470580077,16.194580077,-3.92409,6.6830025,1.2793895
1377683572505125976,16.229125976,-0.7432045,7.509434,2.2469773
1377683572510405518,16.234405518,-0.39727387,9.317674,3.5919306
1377683572541808104,16.265808104,-0.6462062,6.444998,4.952601
1377683572550536131,16.274536131,-0.74110883,1.6301101,4.977
1377683572594481444,16.318481444,-4.3113346,-9.798774,4.8937736
1377683572620085693,16.344085693,-2.946772,-16.947607,0.8431966
1377683572645354248,16.369354248,1.6709752,-16.057858,-9.726174
1377683572650633789,16.374633789,-0.2282753,-6.875203,-5.0757947
1377683572680846189,16.404846189,-8.635841,-6.7464705,3.2169602
1377683572690489743,16.414489743,-8.224347,-10.028096,3.622467
1377683572725218748,16.449218748,2.2456303,-1.0274634,6.895411
1377683572730589842,16.454589842,5.1870136,3.8478982,8.883876
1377683572762755371,16.486755371,1.9434086,-3.2061827,7.072193
1377683572770445801,16.494445801,1.4688954,-12.713962,9.413475
1377683572800230956,16.524230956,1.9098784,-18.601519,0.93794954
1377683572810332274,16.534332274,-3.006947,-19.27347,-10.278226
1377683572842070554,16.566070554,-8.310119,-16.059204,-10.063723
1377683572850584959,16.574584959,-3.9779778,-10.781031,-7.0835695
1377683572880675292,16.604675292,4.160448,-5.612728,-4.0156994
1377683572913969971,16.637969971,5.3619995,-1.5666422,-6.065686
1377683572940520262,16.664520262,3.2793806,-2.8258238,-5.552553
1377683572961333250,16.68533325,1.2240046,-3.5010695,-1.9338286
1377683572969969725,16.693969725,0.43858796,-2.805466,1.3745915
1377683572999876953,16.723876953,0.96160036,-2.7542725,2.1239333
1377683573021025635,16.745025635,-0.2189946,-4.297563,-1.3477973
1377683573029936768,16.753936768,-3.4908907,-7.090904,-4.493805
1377683573062163328,16.786163328,-5.226681,-13.302088,-1.8646724
1377683573069823240,16.79382324,-3.8336778,-18.50437,0.07589218
1377683573098540282,16.822540282,-3.73638,-19.715052,-1.873055
1377683573122984862,16.846984862,-4.314478,-19.87971,-0.1938469
1377683573129851318,16.853851318,-3.998485,-17.775087,3.7688627
1377683573159941650,16.88394165,-2.5819807,-8.566686,4.5839176
1377683573169768310,16.89376831,1.7031583,0.33200958,4.69349
1377683573198637937,16.922637937,2.507286,4.639452,1.7440233
1377683573225218748,16.949218748,-1.8348843,6.9856734,-3.030598
1377683573230040526,16.954040526,-4.377946,5.7974443,-2.9394374
1377683573262480712,16.986480712,-2.3900797,4.8859897,-0.69979477
1377683573270476318,16.994476318,-0.574655,5.668113,2.3161335
1377683573298735594,17.022735594,-0.2586621,6.9599266,3.9996827
1377683573322997068,17.046997068,-0.46418473,6.0866427,4.1341033
1377683573329863524,17.053863524,-0.8174501,2.4360342,2.8192375
1377683573361418700,17.0854187,-2.470762,-1.5856526,0.7966434
1377683573370055176,17.094055176,-7.508536,-8.281079,-0.34143996
1377683573399382568,17.123382568,-8.014034,-15.888709,-1.3850697
1377683573409941650,17.13394165,-4.5878096,-16.911383,-5.9371037
1377683573438506101,17.162506101,-2.3435266,-6.9231033,-3.6736605
1377683573449828123,17.173828123,-6.567293,-5.4384904,3.5793567
1377683573481017089,17.205017089,-4.4129734,-12.148887,5.096751
1377683573489836669,17.213836669,2.9900322,-6.3036914,1.402733
1377683573518614746,17.242614746,1.8188677,3.0657747,2.6936486
1377683573529875731,17.253875731,-1.0535092,3.5084043,4.417464
1377683573558531736,17.282531736,-2.2097049,-4.8919773,8.34784
1377683573569823241,17.293823241,-0.7104227,-14.305002,13.765823
1377683573600523925,17.324523925,4.1198826,-19.025137,5.8896523
1377683573610167480,17.33416748,2.7690916,-18.891165,-6.7973647
1377683573642516113,17.366516113,-8.569829,-11.8797455,-3.0903237
1377683573650084472,17.374084472,-11.694581,-6.4363155,0.16989669
1377683573678648923,17.402648923,-2.4987538,-6.3718,-7.4142323
1377683573687590573,17.411590573,3.4108071,-5.0144224,-11.56061
1377683573719054198,17.443054198,2.233655,-3.2593222,-8.321944
1377683573740202881,17.464202881,0.88735473,-2.7976823,-5.147795
1377683573771971678,17.495971678,7.3967185,-2.08217,4.7607
1377683573799742674,17.523742674,9.72797,-3.9335203,3.6606376
1377683573810393309,17.534393309,6.9272947,-8.086933,2.6512866
1377683573841704345,17.565704345,-0.58049285,-13.716127,4.3535466
1377683573850371338,17.574371338,-7.595804,-18.045723,3.1606774
1377683573880064941,17.604064941,-12.305461,-19.547401,-1.7712666
1377683573890410400,17.6144104,-16.985628,-19.856956,-8.243657
1377683573921324704,17.645324704,-19.46687,-19.89902,-8.23273
1377683573930296873,17.654296873,-16.1577,-19.904709,1.6988173
1377683573963988280,17.68798828,-5.1989884,-18.901943,11.026221
1377683573970427490,17.69442749,2.9229717,-9.350156,10.865754
1377683574006041503,17.730041503,0.010029145,4.2260118,7.5347314
1377683574010344481,17.734344481,-5.625751,9.909393,4.371809
1377683574041167234,17.765167234,-7.7246866,9.380842,1.7030085
1377683574050444578,17.774444578,-7.345974,9.188493,2.0314257
1377683574094542480,17.81854248,-4.062103,9.913435,5.6940093
1377683574120390868,17.844390868,-1.2281959,6.751111,7.24209
1377683574130309080,17.85430908,0.9340576,2.061064,6.323151
1377683574172911620,17.89691162,-2.0339704,-13.5394945,-4.1728725
1377683574199858643,17.923858643,-1.8160236,-18.070124,-12.540921
1377683574210356690,17.93435669,0.24578887,-15.937657,-7.9064083
1377683574252226805,17.976226805,-4.896168,-14.686708,9.680369
1377683574281737303,18.005737303,-5.143454,-4.3360333,6.5214887
1377683574290312742,18.014312742,-5.812413,3.1837294,1.325344
1377683574319640136,18.043640136,-6.272257,-2.0348685,0.14789246
1377683574330382324,18.054382324,-1.2844789,-11.913277,6.0290127
1377683574362700438,18.086700438,9.839489,-17.771494,14.560821
1377683574370299315,18.094299315,12.072096,-19.522104,4.430337
1377683574400633788,18.124633788,-1.0415341,-19.663858,-6.9013987
1377683574410399413,18.134399413,-11.558514,-17.286652,-6.4310765
1377683574454497314,18.178497314,7.934101,-6.1974125,-9.161698
1377683574480742432,18.204742432,10.761122,0.35131943,-1.2876223
1377683574490385986,18.214385986,8.472681,1.0181826,1.2383748
1377683574519377684,18.243377684,4.30864,-1.6320561,-0.6584807
1377683574530333493,18.254333493,-0.09505234,-3.7434156,-2.4819887
1377683574559294676,18.283294676,-1.8517991,-6.0439816,-1.5057188
1377683574570281005,18.294281005,-3.7664676,-11.486813,-0.5134323
1377683574599883057,18.323883057,-8.02601,-17.327068,-3.8523889
1377683574610716797,18.334716797,-7.786508,-19.54815,-4.4954515
1377683574641631103,18.365631103,-1.2910652,-19.857107,1.1270064
1377683574649931884,18.373931884,0.66282165,-19.89902,5.4636383
1377683574679198240,18.40319824,-2.0333717,-18.14871,9.729767
1377683574690428709,18.414428709,-1.0582993,-10.240056,12.452305
1377683574720000244,18.444000244,0.1817221,4.502487,4.894971
1377683574730467773,18.454467773,-3.869154,13.140125,-1.9302361
1377683574765440918,18.489440918,-6.013295,10.384805,-2.9312046
1377683574794707273,18.518707273,-2.0739372,7.3851924,1.6866925
1377683574821898436,18.545898436,-1.2545412,6.3126726,4.0324645
1377683574830473876,18.554473876,0.71626055,3.1157708,3.9080732
1377683574871489502,18.595489502,3.1154714,-6.106252,-2.5553362
1377683574902861571,18.626861571,0.7601193,-13.587395,-6.428831
1377683574910582518,18.634582518,1.4265335,-16.907192,-6.7850904
1377683574947356198,18.671356198,-4.406237,-7.560927,4.199218
1377683574951628660,18.67562866,-14.601835,8.026459,9.876462
1377683574980833984,18.704833984,-7.825876,14.33973,3.5242712
1377683574990447021,18.714447021,-3.2635136,2.0680993,7.9137435
1377683575025664307,18.749664307,-7.339537,-13.807736,18.044077
1377683575054411864,18.778411864,10.515183,-19.791544,4.1089554
1377683575079955076,18.803955076,7.8303666,-19.64889,-8.191865
1377683575090453123,18.814453123,-3.5956728,-18.070124,-11.322604
1377683575119841552,18.843841552,-6.2900696,-17.310902,-10.559341
1377683575140654541,18.864654541,1.3157638,-13.858781,-10.364297
1377683575150420167,18.874420167,8.0420265,-6.753805,-9.155411
1377683575180785155,18.904785155,10.1277895,-2.4011567,-2.8855495
1377683575190398191,18.914398191,8.782686,-1.2088861,0.1486409
1377683575219817137,18.943817137,2.8827055,-1.1758049,-3.9541771
1377683575230620360,18.95462036,-2.8107052,-1.6706758,-1.2762461
1377683575265257812,18.989257812,-3.0897248,-1.9699036,2.981949
1377683575293700195,19.017700195,-3.8812788,-9.507479,-6.4789767
1377683575319792723,19.043792723,-5.7097263,-16.09977,-6.4506855
1377683575342375730,19.06637573,-3.8142183,-19.342028,-4.998256
1377683575350462889,19.074462889,3.1629226,-19.828966,1.5664924
1377683575383147216,19.107147216,4.8750625,-19.108364,6.693481
1377683575390410400,19.1144104,-0.2255809,-11.214679,4.8359933
1377683575421141602,19.145141602,-1.8098863,-2.0143611,4.81354
1377683575430388428,19.154388428,0.6899153,1.5679893,3.990402
1377683575459715819,19.183715819,-2.0556753,3.6498601,-1.4449452
1377683575470519041,19.194519041,-6.000422,5.586233,-2.8099566
1377683575522673582,19.246673582,-1.8238074,6.3849726,1.008902
1377683575530425048,19.254425048,-2.26015,6.8512526,2.8333082
1377683575564269043,19.288269043,-4.0628514,7.188202,3.2898588
1377683575570616700,19.2946167,-5.165458,5.6601796,4.3665695
1377683575624266600,19.3482666,-4.958888,-5.310956,6.3658123
1377683575630370116,19.354370116,-4.235442,-12.715009,4.177064
1377683575665434814,19.389434814,1.0162368,-17.756973,-5.0254993
1377683575692503905,19.416503905,4.315077,-9.63711,4.0902443
1377683575722807859,19.446807859,-6.999145,-12.527748,3.3374598
1377683575730437254,19.454437254,-9.778266,-4.627627,-4.778363
1377683575771605469,19.495605469,-1.3172607,2.6105714,8.796906
1377683575804991698,19.528991698,-1.3156142,-11.710299,14.242732
1377683575810362791,19.534362791,0.7807764,-18.54688,4.865183
1377683575839690184,19.563690184,-1.0844948,-19.72089,-7.612719
1377683575850523925,19.574523925,-6.033354,-19.531534,-9.07922
1377683575904082275,19.628082275,2.6214986,-10.653047,-8.6843405
1377683575911162354,19.635162354,7.1196446,-4.710554,-5.5645285
1377683575939940429,19.663940429,8.0050535,-3.5390904,-4.0022273
1377683575950468993,19.674468993,6.4714923,-4.9379315,-1.6579523
1377683576004088378,19.728088378,-0.82268924,-2.481839,-2.8404932
1377683576010375000,19.734375,-3.9173539,-1.6539106,1.7260606
1377683576047087645,19.771087645,-2.9991632,-2.465972,3.1886692
1377683576074706053,19.798706053,-4.577032,-13.444442,-5.7184086
1377683576103026366,19.827026366,-6.428981,-18.55736,-6.242469
1377683576110381103,19.834381103,-4.283343,-19.722237,-3.4727783
1377683576145567872,19.869567872,-1.6082556,-19.880758,1.3784834
1377683576175108885,19.899108885,-0.22707778,-10.486593,5.468428
1377683576200163816,19.924163816,2.3254142,-1.0955718,4.3251057
1377683576232207274,19.956207274,-5.037924,9.193132,-2.4819887
1377683576260680176,19.984680176,-4.171226,5.2557206,-1.101709
1377683576270445801,19.994445801,-1.4030324,4.8879356,1.2299923
1377683576299742675,20.023742675,0.3450325,6.941964,3.1129267
1377683576310484861,20.034484861,0.31509477,8.111332,3.9490879
1377683576340361572,20.064361572,-1.5452367,5.9592576,4.3465114
1377683576360655762,20.084655762,-3.3528776,0.88960004,4.0474334
1377683576370451905,20.094451905,-6.0486217,-6.316864,3.9543269
1377683576399596191,20.123596191,-6.444249,-14.45544,3.1819332
1377683576410460448,20.134460448,-0.050894164,-16.958235,-5.2356625
1377683576451781247,20.175781247,-6.03515,-6.0646386,2.3543043
1377683576491484618,20.215484618,-0.067509614,-1.0451267,7.236402
1377683576533720946,20.257720946,-0.120050356,-2.1056712,8.907826
1377683576571501708,20.295501708,2.7267296,-18.764978,0.11780503
1377683576615111328,20.339111328,-10.062375,-16.020435,-9.859696
1377683576651549315,20.375549315,7.234456,-5.3736753,-5.60689
1377683576681029295,20.405029295,11.532318,-1.7522562,-3.1524444
1377683576713561034,20.437561034,4.727918,-3.160378,-2.671794
1377683576751524903,20.475524903,-3.5586996,-0.0371228,2.2121
1377683576792387938,20.516387938,-6.9522924,-4.780908,-4.2311015
1377683576831999755,20.555999755,-6.0535617,-15.458504,-2.274071
1377683576871275878,20.595275878,3.4132023,-19.805016,-1.1000624
1377683576911894774,20.635894774,-7.764055,-17.217346,0.8833131
1377683576951506592,20.675506592,3.5844462,1.3843213,3.3462913
1377683576993620848,20.717620848,-0.33934432,7.441775,-0.3691324
1377683577035613037,20.759613037,-1.1252102,6.553821,3.3831148
1377683577072234129,20.796234129,-2.658771,8.345146,6.224955
1377683577112975098,20.836975098,-3.810476,-0.94079363,8.219558
1377683577151488280,20.87548828,-1.907184,-16.818275,-3.4492772
1377683577191924072,20.915924072,-1.8541942,-10.111323,-2.6147625
1377683577230986571,20.954986571,-11.648477,-5.413343,2.5547373
1377683577274291016,20.998291016,1.9041902,-3.1298416,10.696157
1377683577314970946,21.038970946,3.5760636,-17.036222,6.3165646
1377683577351500488,21.075500488,4.2662783,-19.234552,-9.752819
1377683577394316649,21.118316649,0.11615845,-10.278076,-4.3295965
1377683577431700684,21.155700684,2.6511369,-6.95364,-9.289383
1377683577472594237,21.196594237,3.352279,-2.6026378,-3.1322365
1377683577510985352,21.234985352,-2.3427782,-1.7881814,2.9726684
1377683577551482176,21.275482176,-4.6297226,-7.674391,-3.3015344
1377683577594878174,21.318878174,-7.1124597,-18.887873,1.1201206
1377683577633696532,21.357696532,-4.645889,-19.886894,-4.9832873
1377683577674223877,21.398223877,-0.59261763,-12.301868,7.349267
1377683577712340331,21.436340331,3.2953973,11.606115,0.040415954
1377683577751494385,21.475494385,-4.7368994,5.228178,2.151027
1377683577791228270,21.51522827,-3.4054184,7.447014,3.6021094
1377683577833098389,21.557098389,-0.45355684,6.9268456,6.617888
1377683577875121092,21.599121092,1.7432748,-4.1537123,4.9750543
1377683577913664795,21.637664795,1.5940351,-18.40812,-13.813126
1377683577951659178,21.675659178,-7.432045,-15.934364,7.529642
1377683577992461182,21.716461182,-9.542506,8.198002,12.944182
1377683578032622313,21.756622313,-4.095184,-10.567275,5.832771
1377683578072539307,21.796539307,9.7305155,-19.6679,9.447155
1377683578112669921,21.836669921,0.97971267,-18.448986,-9.259745
1377683578153197266,21.877197266,-0.105829924,-9.0132065,-11.2390785
1377683578192107176,21.916107176,10.308912,-1.2937596,-1.479224
1377683578231474854,21.955474854,4.3282495,0.27288255,-1.6935782
1377683578275298094,21.999298094,1.5329622,-3.216661,2.681823
1377683578308806397,22.032806397,-0.8719368,-7.1759276,-2.8369007
1377683578320555664,22.044555664,-5.322781,-13.903089,-5.034331
1377683578353545165,22.077545165,-7.4265065,-19.755617,-0.7934999
1377683578388579346,22.112579346,-7.7598634,-19.885248,0.21121079
1377683578399840332,22.123840332,-6.915469,-19.902912,3.5697765
1377683578429320311,22.153320311,-4.198619,-17.96519,10.127939
1377683578440733886,22.164733886,0.9051677,-11.417507,12.633878
1377683578468993164,22.192993164,2.407294,1.9941531,3.8800814
1377683578498961424,22.222961424,-7.245084,12.11356,-0.739612
1377683578534209228,22.258209228,-0.28710297,8.09322,5.2705398
1377683578568724609,22.292724609,1.9181113,7.1042266,5.962102
1377683578596129393,22.320129393,2.2017715,-0.834814,2.2320085
1377683578630522705,22.354522705,-0.755479,-7.5890684,-1.8872753
1377683578640135742,22.364135742,-1.4982344,-15.075451,-6.2791424
1377683578668547606,22.392547606,-1.23104,-19.166742,-10.027946
1377683578688963867,22.412963867,-5.11172,-19.74499,-2.5704546
1377683578712828613,22.436828613,-10.662328,4.8403344,4.9051495
1377683578748808837,22.472808837,-3.364254,11.521391,5.2783237
1377683578760100341,22.484100341,-1.732647,0.27422974,8.754993
1377683578789336182,22.513336182,-2.213447,-12.951517,13.194761
1377683578800597168,22.524597168,4.0647974,-18.749111,13.761184
1377683578829283690,22.55328369,7.591763,-19.748432,5.247488
1377683578854948974,22.578948974,-6.370602,-19.048937,-8.110435
1377683578894225096,22.618225096,3.7125797,-11.490256,-10.283465
1377683578928679443,22.652679443,9.969269,-5.0355287,-9.755813
1377683578932188964,22.656188964,8.741222,-1.2223581,-4.486171
1377683578968810058,22.692810058,2.2586532,0.30895752,0.20088226
1377683578972807860,22.69680786,-1.7598903,-0.6478528,-0.069455564
1377683579002684569,22.726684569,-1.619632,-2.612218,-1.0484198
1377683579029143311,22.753143311,-0.65264285,-4.1056623,-2.0080743
1377683579040801025,22.764801025,-0.8276289,-5.774991,-3.1022987
1377683579070036864,22.794036864,-2.1959336,-10.682984,-2.2037172
1377683579080229736,22.804229736,-4.113446,-16.654367,-5.386249
1377683579137022948,22.861022948,-3.123854,-19.761755,3.2486944
1377683579173888183,22.897888183,2.3288572,-3.5932777,8.420589
1377683579213255858,22.937255858,1.3213023,6.995852,2.2296135
1377683579220427489,22.944427489,-3.879782,10.126891,-1.7823436
1377683579249876953,22.973876953,-6.0239234,8.13648,0.36419266
1377683579273558594,22.997558594,-1.635499,6.9989953,4.115691
1377683579309508300,23.0335083,-2.7442434,9.136999,5.174739
1377683579320372558,23.044372558,-3.6546502,8.351433,5.9760227
1377683579349913575,23.073913575,-2.200574,4.274212,5.9053698
1377683579360442138,23.084442138,0.083675995,-1.3928535,5.2283278
1377683579393065428,23.117065428,-1.1102413,-17.385147,-3.3627572
1377683579429625489,23.153625489,1.2082874,-19.562819,-8.036637
1377683579440855957,23.164855957,-4.716392,-17.505648,2.416425
1377683579469511962,23.193511962,-13.704901,-3.4227822,14.478043
1377683579480742431,23.204742431,-9.91583,12.877721,7.660021
1377683579509489991,23.233489991,-8.9813233E-4,11.988719,3.4856515
1377683579520476318,23.244476318,3.6021094,-2.027833,10.402767
1377683579549803710,23.27380371,-0.6117778,-14.715599,13.5908375
1377683579560332275,23.284332275,-1.0578502,-19.150276,2.950664
1377683579592528321,23.316528321,-2.2555096,-19.80292,-9.35779
1377683579600401855,23.324401855,-5.87169,-18.642384,-8.839568
1377683579629668212,23.353668212,-4.061354,-14.852414,-6.221063
1377683579640807128,23.364807128,4.792584,-9.434431,-6.8814898
1377683579672484375,23.396484375,10.098749,-4.6777725,-9.055868
1377683579680449463,23.404449463,9.590257,-2.261048,-6.711144
1377683579710173583,23.434173583,5.1832714,-1.5629,-2.3810985
1377683579733427978,23.457427978,-3.388803,-1.4843134,0.78227323
1377683579774229979,23.498229979,-3.043022,-5.5980587,-3.7151244
1377683579809325195,23.533325195,-6.206693,-7.537426,-4.5761337
1377683579823454834,23.547454834,-6.9269953,-10.670711,-5.318889
1377683579849913573,23.573913573,-3.7519479,-16.068485,-4.3045983
1377683579860320067,23.584320067,-0.17932709,-19.324215,-2.6099725
1377683579889677978,23.613677978,-0.7138655,-19.82657,0.7644603
1377683579901061035,23.625061035,-3.543581,-18.44584,4.384682
1377683579933531737,23.657531737,2.6343718,-4.5391607,6.8868785
1377683579970641113,23.694641113,0.26524842,3.201692,3.228636
1377683579980467773,23.704467773,-5.060826,9.557176,1.23104
1377683580010344482,23.734344482,-3.754792,9.251811,0.5584886
1377683580034758544,23.758758544,0.68662214,6.6648903,2.7779233
1377683580069395997,23.793395997,0.22393432,9.610166,4.3300457
1377683580080290771,23.804290771,-1.2090358,12.140204,5.6416183
1377683580109526610,23.83352661,-0.93001604,8.840167,6.40548
1377683580130400634,23.854400634,-0.41748184,0.41957748,4.3367815
1377683580140044190,23.86404419,-3.9198985,-10.145752,0.033679962
1377683580169859862,23.893859862,-7.8276725,-17.779577,-8.721165
1377683580180083251,23.904083251,-8.898845,-19.616558,-9.216334
1377683580208830810,23.93283081,-6.305188,-16.414415,2.1574636
1377683580213072753,23.937072753,-0.64605653,-3.782634,10.384805
1377683580247679687,23.971679687,2.8431876,7.60269,11.955788
1377683580271819091,23.995819091,2.6658065,6.092181,12.646602
1377683580280394531,24.004394531,-0.50864226,-2.3733146,9.298663
1377683580313384033,24.037384033,-7.409442,-18.407223,10.218201
1377683580349272704,24.073272704,-2.0249891,-19.5724,-1.7847387
1377683580355345702,24.079345702,2.0800745,-16.910336,-10.701396
1377683580389555909,24.113555909,-0.6637198,-10.384655,-7.3830967
1377683580400511719,24.124511719,-2.698289,-3.3696427,-4.612209
1377683580433470702,24.157470702,1.6516653,-0.7222481,-3.1234047
1377683580469786622,24.193786622,3.883075,-2.161056,-5.314399
1377683580480498291,24.204498291,4.196673,-2.4554937,-6.9509454
1377683580510222411,24.234222411,2.8443851,-1.9172131,-2.8041189
1377683580541106201,24.265106201,5.3510723,-3.791316,2.810256
1377683580569701171,24.293701171,1.4894028,-8.932525,-1.2090358
1377683580580443358,24.304443358,-2.765499,-14.154716,2.639012
1377683580610228515,24.334228515,-4.608167,-18.140926,6.239026
1377683580620970703,24.344970703,-6.9326835,-19.626436,3.464246
1377683580649352050,24.37335205,-10.73358,-19.867735,-1.5434403
1377683580660765624,24.384765624,-13.205988,-19.900517,1.3596226
1377683580693510986,24.417510986,2.268832,-16.304396,4.1049137
1377683580733092284,24.457092284,3.7187169,-10.842104,2.163002
1377683580740385985,24.464385985,-0.15013778,-7.3106475,1.5269747
1377683580769713379,24.493713379,1.215173,-3.4829571,1.443149
1377683580780333496,24.504333496,1.2907659,1.8996996,1.4581178
1377683580810027099,24.534027099,-2.8666887,6.244415,3.377277
1377683580820372557,24.544372557,-5.616171,9.478739,4.75127
1377683580849944092,24.573944092,-5.286407,11.032957,4.223168
1377683580860808350,24.58480835,-4.3074427,9.873618,3.176245
1377683580890593505,24.614593505,-2.5210574,6.883286,1.3563294
1377683580900389647,24.624389647,-0.560734,1.6280146,-1.6789087
1377683580929869629,24.653869629,-1.3079801,-7.6095757,-3.47682
1377683580951140381,24.675140381,-4.6053233,-16.162788,-6.5743284
1377683580960814453,24.684814453,-4.6144543,-19.364033,-9.730965
1377683580991240477,24.715240477,-0.5677693,-19.831959,-2.0851638
1377683581000487304,24.724487304,-1.5015275,-17.194294,10.54587
1377683581031767823,24.755767823,-7.6092763,-6.286627,11.668535
1377683581044493652,24.768493652,-7.526499,5.2407517,9.435629
1377683581069792724,24.793792724,-3.7410204,6.030659,4.2513094
1377683581080412841,24.804412841,-5.264552,-3.675906,-4.337081
1377683581110106446,24.834106446,-9.802366,-14.449602,-4.387526
1377683581131346679,24.855346679,-7.6938505,-18.777851,6.531817
1377683581140288329,24.864288329,2.5146208,-19.403101,13.594729
1377683581169768310,24.89376831,11.0194845,-19.315384,3.7070413
1377683581180388428,24.904388428,9.192385,-16.805403,-7.585925
1377683581214323974,24.938323974,-3.1581326,-7.5773926,-4.481231
1377683581251158691,24.975158691,-6.0445805,-4.503984,-5.571863
1377683581260863281,24.984863281,-5.918692,-3.8514907,-6.9015484
1377683581289488769,25.013488769,-2.6494904,-5.6538925,-4.8493156
1377683581310545897,25.034545897,1.0177336,-7.22293,-1.5169455
1377683581320311523,25.044311523,2.590064,-6.9940557,-0.92747134
1377683581353148438,25.077148438,3.420537,-5.494025,-1.0090517
1377683581360869385,25.084869385,3.545527,-5.452262,0.04086502
1377683581391783690,25.11578369,2.1516256,-8.791219,1.9240988
1377683581401091552,25.125091552,1.165626,-14.364728,7.1629047
1377683581433257080,25.15725708,-2.0474424,-18.331928,7.1055737
1377683581440428711,25.164428711,-7.491621,-19.510727,2.89019
1377683581469725585,25.193725585,-9.749526,-18.593285,1.9579284
1377683581480315185,25.204315185,-8.276289,-17.051641,1.8645227
1377683581513030030,25.23703003,-7.20347,-17.339642,2.0832179
1377683581520415283,25.244415283,-6.5523243,-18.882784,0.4300557
1377683581551848388,25.275848388,-2.1142035,-18.803448,0.5170248
1377683581560790038,25.284790038,1.7878821,-14.314134,3.2944992
1377683581592192627,25.316192627,0.3847,-7.3967185,4.2887316
1377683581600493408,25.324493408,-1.3765374,-1.6567547,4.8246174
1377683581631712890,25.35571289,0.106728055,3.2588732,4.562213
1377683581640257812,25.364257812,0.87433183,7.8543167,2.2104533
1377683581669768311,25.393768311,-1.6444802,9.685309,1.2204121
1377683581680418945,25.404418945,-3.5670822,7.279213,1.7916243
1377683581709929442,25.433929442,-3.0871801,2.1974304,0.8988808
1377683581731505371,25.455505371,-1.8491048,-4.494254,-1.4699433
1377683581740355469,25.464355469,-3.0385313,-12.599898,-8.038284
1377683581769774413,25.493774413,-4.5902047,-18.16233,-13.379927
1377683581780425047,25.504425047,-3.171006,-15.627053,-11.981235
1377683581810423828,25.534423828,-1.3486954,-3.6510575,-6.2997994
1377683581820525147,25.544525147,-3.583997,4.3942623,-2.3176305
1377683581853392577,25.577392577,-5.154082,-4.782255,0.72494245
1377683581860838866,25.584838866,-3.0457163,-15.765815,4.302503
1377683581891936279,25.615936279,-3.012785,-12.810211,3.0308971
1377683581903960205,25.627960205,-2.3062541,-6.3825774,2.3415806
1377683581932311034,25.656311034,-1.8173708,-5.736371,2.7466383
1377683581934996581,25.658996581,-1.7968634,-8.277936,4.855453
1377683581970274902,25.694274902,-1.0861413,-10.006242,3.575315
1377683581982359863,25.706359863,-0.635728,-11.678265,3.5554066
1377683582010771728,25.734771728,-0.6788384,-14.3062,5.223238
1377683582020323729,25.744323729,-0.2853067,-16.183895,5.838459
1377683582049651123,25.773651123,0.67584455,-13.386363,0.71790713
1377683582060790039,25.784790039,0.337099,-8.933573,-4.8023133
1377683582091856933,25.815856933,-1.5952327,-7.5004525,-3.2606695
1377683582100432372,25.824432372,-2.5569828,-7.4128847,0.105680235
1377683582129515625,25.853515625,-1.8425184,-7.2271214,0.16959733
1377683582140288330,25.86428833,-0.5505551,-6.8168244,-0.5803432
1377683582170378661,25.894378661,0.41164398,-6.619235,0.5644762
1377683582180327391,25.904327391,0.43619293,-7.553143,1.6455281
1377683582212950683,25.936950683,-0.05373825,-9.361084,0.9472302
1377683582220396973,25.944396973,-0.58109164,-10.442435,-1.3439053
1377683582251677489,25.975677489,-0.8725355,-11.152558,-1.9431093
1377683582260741210,25.98474121,0.084424436,-11.914474,-0.4044589
1377683582293181396,26.017181396,1.7236656,-12.106674,-0.214953
1377683582300475098,26.024475098,1.7525555,-12.387939,-0.29159364
1377683582330168700,26.0541687,0.48603928,-12.336745,-0.63497955
1377683582340331053,26.064331053,-0.16181351,-11.859239,-1.9049387
1377683582369902588,26.093902588,-0.50235534,-13.068873,-1.251248
1377683582380400635,26.104400635,-0.6010002,-15.938256,3.3016841
1377683582410063720,26.13406372,-2.276017,-17.940493,7.7662997
1377683582431517577,26.155517577,-6.0834994,-19.109861,7.9496684
1377683582440367675,26.164367675,-7.7481875,-19.540066,4.2055044
1377683582469786622,26.193786622,-6.2400737,-19.140398,0.52795213
1377683582480498291,26.204498291,-3.6341429,-18.385368,-0.40894958
1377683582510161376,26.234161376,-1.7518071,-16.805553,0.382305
1377683582520323730,26.24432373,-1.7027092,-13.568684,1.7754579
1377683582552428223,26.276428223,-3.033891,-10.051148,3.8267922
1377683582560881592,26.284881592,-2.7431955,-8.45412,7.21335
1377683582589537596,26.313537596,0.0029937744,-6.9850745,7.885003
1377683582611510252,26.335510252,1.8068925,-3.2213013,4.715644
1377683582620299315,26.344299315,0.28575575,0.54501665,2.4400759
1377683582649413085,26.373413085,-2.0540285,2.4011567,1.5693365
1377683582660887695,26.384887695,-2.5426126,2.8783643,1.1825409
1377683582690978027,26.414978027,-1.9748433,2.448159,0.3607498
1377683582700743651,26.424743651,-1.3705499,1.3224999,-0.7291338
1377683582728667234,26.452667234,-1.0621911,-0.70458484,-1.8407222
1377683582739867185,26.463867185,-1.185834,-4.4334807,-4.6506786
1377683582769377684,26.493377684,-3.725453,-11.457474,-11.107203
1377683582791838623,26.515838623,-6.584657,-17.665215,-16.17716
1377683582800627685,26.524627685,-4.896767,-15.653249,-12.936099
1377683582831664060,26.55566406,-3.2465987,-4.783752,-6.22256
1377683582839934324,26.563934324,-4.062103,6.909781,-3.3902998
1377683582872099852,26.596099852,-2.4554937,7.2486763,-1.8516495
1377683582890440917,26.614440917,-3.150648,-3.8368213,1.6509169
1377683582900359131,26.624359131,-6.1743603,-15.04671,-0.02215393
1377683582933196045,26.657196045,-6.083649,-18.698517,1.4561719
1377683582939909911,26.663909911,-2.598596,-14.89268,5.0103807
1377683582973052000,26.697052,-0.9713301,-8.117769,2.617008
1377683582979887938,26.703887938,0.66282165,-4.1463776,4.129313
1377683583011717773,26.735717773,1.2340338,-4.1508684,5.5173764
1377683583023406006,26.747406006,0.6954538,-7.5112305,4.142935
1377683583049040770,26.77304077,-0.7445517,-13.359119,3.4649944
1377683583059966062,26.783966062,-1.3880635,-16.637753,3.581153
1377683583088683104,26.812683104,-0.5906717,-13.077555,0.4700226
1377683583109221435,26.833221435,-0.008981323,-7.94413,-2.8798614
1377683583135741210,26.85974121,-1.5932868,-8.320148,-0.46268785
1377683583170317625,26.894317625,-0.997825,-7.8362045,0.49157774
1377683583179808592,26.903808592,-0.56971526,-6.7566495,0.35880387
1377683583208861328,26.932861328,-0.88570815,-6.4542785,1.1331437
1377683583219878174,26.943878174,-1.1216176,-7.554341,2.1083655
1377683583251646971,26.975646971,-0.34413436,-9.217532,1.5042219
1377683583260008787,26.984008787,0.4456233,-10.612331,0.41927812
1377683583289183592,27.013183592,0.04086502,-11.81029,-0.82837737
1377683583303313231,27.027313231,-0.48618898,-12.762161,-0.40116578
1377683583329833008,27.053833008,0.51582736,-13.043575,0.0371228
1377683583342619873,27.066619873,1.5913408,-13.458064,-0.6700067
1377683583369139648,27.093139648,0.9292676,-14.421011,-0.45161086
1377683583379881835,27.103881835,0.29054582,-14.2871895,-0.45894563
1377683583410124754,27.134124754,0.6315367,-13.23877,-0.484243
1377683583419890379,27.143890379,0.6915619,-12.849729,0.008532257
1377683583448668457,27.172668457,0.69859725,-13.106296,2.6767337
1377683583457610106,27.181610106,-0.98255676,-14.058166,5.0572333
1377683583492552734,27.216552734,-4.4538383,-15.942298,4.032614
1377683583501036620,27.22503662,-6.2110343,-17.185911,2.614463
1377683583543517087,27.267517087,-5.129982,-16.541052,1.9405646
1377683583569762206,27.293762206,-3.1870224,-15.516134,1.9037411
1377683583580321288,27.304321288,-1.3461506,-13.548177,-0.97192883
1377683583621031738,27.345031738,-1.3015435,-8.697514,3.6775525
1377683583651396726,27.375396726,-0.11570938,-6.492898,6.1554995
1377683583660399411,27.384399411,0.7749385,-3.8550832,5.441784
1377683583692229246,27.416229246,-0.31299913,-1.5486795,3.6829412
1377683583701079344,27.425079344,-2.5267456,-0.34787658,1.8517991
1377683583731627441,27.455627441,-3.7067418,-0.33545244,0.8216414
1377683583740294434,27.464294434,-3.4459841,-0.5842351,0.32557297
1377683583770537353,27.494537353,-2.7993288,-0.5854326,-0.5745053
1377683583780425048,27.504425048,-1.9887643,-1.1105406,-1.7318985
1377683583811003660,27.53500366,-1.2105327,-2.5710535,-2.775229
1377683583822813963,27.546813963,-0.5601352,-5.1168094,-5.214706
1377683583851103759,27.575103759,-1.7583934,-11.058404,-11.399994
1377683583860899902,27.584899902,-3.4461336,-17.234411,-16.61036
1377683583890044189,27.614044189,-2.982997,-17.129179,-13.268258
1377683583911772704,27.635772704,-3.2296839,-8.412506,-6.235134
1377683583924315427,27.648315427,-4.5393105,-0.41134462,-3.5925293
1377683583953185057,27.677185057,-1.5037729,-3.565286,-1.2994478
1377683583957121824,27.681121824,-0.49127838,-11.280243,2.6455984
1377683583988677002,27.712677002,-3.28926,-15.064373,5.235962
1377683584000029541,27.724029541,-3.5847454,-13.787828,3.8534367
1377683584031737303,27.755737303,-2.7634034,-8.865764,1.9992425
1377683584040434812,27.764434812,-3.1644197,-5.9089622,2.3697221
1377683584070616698,27.794616698,-3.0883777,-6.153254,3.186274
1377683584083678221,27.807678221,-1.5608042,-8.108039,3.8362226
1377683584111113525,27.835113525,-0.29773086,-11.807297,4.2071514
1377683584119750001,27.843750001,1.0377918,-14.350807,3.171455
1377683584151640868,27.875640868,2.3547533,-12.929812,1.2237053
1377683584158720945,27.882720945,2.6890082,-9.899814,0.068557434
1377683584189116453,27.913116453,1.253643,-8.214468,-0.051792298
1377683584212767577,27.936767577,-1.3950989,-7.9222755,-0.36434233
1377683584219786620,27.94378662,-2.9409342,-8.32434,0.15956818
1377683584251677490,27.97567749,-2.574646,-9.1009245,0.9397458
1377683584258818602,27.982818602,-1.558559,-9.513916,0.41508684
1377683584288542723,28.012542723,-0.73946226,-9.075777,-0.11720627
1377683584310606932,28.034606932,-0.32946488,-8.55516,0.33171022
1377683584319762206,28.043762206,-0.0717009,-8.78104,1.2615765
1377683584351653076,28.075653076,-0.054337006,-9.524394,0.6962022
1377683584358916260,28.08291626,-0.40670425,-10.491832,-0.3435356
1377683584388548827,28.112548827,-0.508792,-11.414663,-0.17453705
1377683584399901365,28.123901365,0.16450791,-12.031381,0.07514374
1377683584431578611,28.155578611,0.7500902,-12.641961,0.7186555
1377683584436430906,28.160430906,0.36209702,-13.57078,0.78631485
1377683584468169189,28.192169189,0.29952714,-13.854589,-0.20686981
1377683584479918457,28.203918457,0.7381151,-13.536351,-0.5822891
1377683584509551025,28.233551025,-0.10837463,-13.571079,-0.4926256
1377683584518309569,28.242309569,-2.8942313,-14.259647,0.5936655
1377683584549742674,28.273742674,-5.4673805,-14.742542,4.1989183
1377683584571806883,28.295806883,-6.794371,-15.461348,5.8707914
1377683584579863524,28.303863524,-6.4680495,-16.481627,2.1224363
1377683584611632324,28.335632324,-4.7437854,-17.126635,-0.73407346
1377683584616057373,28.340057373,-2.6508377,-16.687449,-0.22947282
1377683584648863768,28.372863768,-1.1966116,-14.305601,0.35087037
1377683584659148191,28.383148191,-1.1784993,-10.776989,1.2287947
1377683584688567138,28.412567138,-1.3879138,-8.386161,4.0585103
1377683584699767089,28.423767089,-0.35341507,-7.2699323,5.782924
1377683584728514649,28.452514649,0.66656387,-5.8490868,4.590654
1377683584739684082,28.463684082,0.30895752,-3.8808298,3.004103
1377683584768736814,28.492736814,-1.1951147,-2.090852,2.0646565
1377683584776427244,28.500427244,-2.756817,-1.5067667,0.9865984
1377683584809142088,28.533142088,-3.3355138,-1.7542021,0.11376343
1377683584816130613,28.540130613,-2.955454,-1.689836,-0.5709128
1377683584846861816,28.570861816,-2.1188438,-1.3025912,-1.298849
1377683584870543457,28.594543457,-1.2371773,-1.6542101,-2.071692
1377683584879942870,28.60394287,-0.443378,-3.1958542,-3.0624816
1377683584909239744,28.633239744,-0.47855484,-7.2486763,-6.486162
1377683584916228269,28.640228269,-3.1234047,-13.952187,-13.051359
1377683584948760010,28.67276001,-3.5534606,-18.238073,-16.299755
1377683584959837891,28.683837891,-1.99086,-12.57984,-11.030561
1377683584990630126,28.714630126,-3.2588732,-0.31778917,-3.5449283
1377683585010558103,28.734558103,-4.206702,4.3074427,-0.75847274
1377683585041533445,28.765533445,-0.87927157,-11.130704,0.11301498
1377683585070708251,28.794708251,-1.3292358,-16.513361,0.09445358
1377683585092131592,28.816131592,-2.4325914,-16.871117,3.3468902
1377683585099883057,28.823883057,-3.8121226,-11.678414,4.758904
1377683585143187499,28.867187499,-1.898502,-4.5411067,2.53902
1377683585169035887,28.893035887,-0.78062665,-6.9331326,2.971321
1377683585189391112,28.913391112,-0.49726593,-11.345656,4.2296047
1377683585199858642,28.923858642,-0.2481839,-15.362853,3.8050873
1377683585238799073,28.962799073,-0.2865042,-11.319461,-0.9783655
1377683585272551512,28.996551512,-0.72673875,-7.3798037,2.2570066
1377683585281004881,29.005004881,-0.88436097,-6.323301,4.5132647
1377683585310484863,29.034484863,-0.590522,-7.664961,2.3436763
1377683585320769287,29.044769287,-0.53169435,-9.274414,-0.017214203
1377683585351653077,29.075653077,-1.1359878,-9.607771,-0.26494902
1377683585360442139,29.084442139,-1.642684,-8.676856,0.46119094
1377683585401762937,29.125762937,-1.0386901,-7.2774167,1.1518548
1377683585434660887,29.158660887,-1.1704161,-8.749156,0.92148376
1377683585460478760,29.18447876,-1.1606864,-11.04119,0.38574782
1377683585494688965,29.218688965,0.4420308,-11.039393,0.5062473
1377683585500426269,29.224426269,0.9960287,-11.292367,0.318837
1377683585534544919,29.258544919,0.77074724,-11.0602,0.8599617
1377683585540556883,29.264556883,-0.31374756,-10.78148,1.151256
1377683585572600341,29.296600341,-1.695075,-11.031011,0.24863297
1377683585580443359,29.304443359,-1.8977536,-11.808195,-0.6334827
1377683585613249755,29.337249755,-1.3422588,-13.236225,-0.8238867
1377683585620543456,29.344543456,-1.1033555,-13.649217,0.43828857
1377683585652190183,29.376190183,-1.287772,-12.322226,2.0607646
1377683585660460448,29.384460448,-3.510949,-12.1081705,2.880011
1377683585690093017,29.414093017,-6.857839,-12.8061695,3.429668
1377683585700438476,29.424438476,-7.208111,-13.22395,3.1364279
1377683585745696043,29.469696043,-1.807192,-13.333223,1.6375946
1377683585771086668,29.495086668,-1.4973363,-11.797268,0.8652008
1377683585780425048,29.504425048,-2.0832179,-10.254426,1.9017951
1377683585809477783,29.533477783,-2.5002508,-9.215735,3.2442036
1377683585820647217,29.544647217,-2.822231,-8.258626,2.9817994
1377683585855284667,29.579284667,-3.187771,-7.81435,2.0113673
1377683585860350585,29.584350585,-3.0852342,-7.909552,1.4597644
1377683585890410398,29.614410398,-2.2570066,-7.379654,0.9542656
1377683585900420164,29.624420164,-1.4874568,-6.507717,0.8454419
1377683585948210694,29.672210694,-1.9966979,-6.030809,1.0490185
1377683585970946288,29.694946288,-2.431843,-6.3218036,1.6762143
1377683585980528807,29.704528807,-3.1225066,-8.107739,2.6243427
1377683586009551024,29.733551024,-4.190087,-12.531341,2.6770332
1377683586034666991,29.758666991,-3.6080968,-16.780853,-1.4034815
1377683586040343261,29.764343261,-2.3349943,-15.145804,-9.980196
1377683586084685303,29.808685303,-3.5531611,-3.7964053,5.8073235
1377683586109892821,29.833892821,-3.2322285,-5.151687,12.472663
1377683586120635007,29.844635007,-3.4236803,-8.762927,6.378985
1377683586163420653,29.887420653,-0.803529,-10.661429,-4.453539
1377683586190764405,29.914764405,-1.6778609,-9.515712,-1.5287709
1377683586200407959,29.924407959,-3.3150065,-9.147179,2.5438101
1377683586241728758,29.965728758,-3.2361205,-11.0597515,0.19938537
1377683586275145507,29.999145507,-2.078877,-11.3643675,-1.2174183
1377683586280394531,30.004394531,-1.1177257,-11.015293,-0.6553372
1377683586316191651,30.040191651,-0.65234345,-10.480755,0.94303894
1377683586320586182,30.044586182,-0.8822653,-9.953402,2.5059388
1377683586353270506,30.077270506,-1.6079563,-9.481583,3.1537917
1377683586360411619,30.084411619,-2.011517,-9.292676,2.6692493
1377683586390166259,30.114166259,-1.8779947,-9.335936,1.8181192
1377683586400450683,30.124450683,-1.7001644,-9.432335,1.4600638
1377683586446410157,30.170410157,-2.2094054,-9.832005,1.6670833
1377683586470976805,30.194976805,-2.5415647,-9.966575,1.7010627
1377683586494963621,30.218963621,-2.7288253,-9.991273,1.651366
1377683586522643066,30.246643066,-2.2896388,-9.777368,1.3726456
1377683586554106690,30.27810669,-2.1233344,-9.715097,1.5853533
1377683586585020995,30.309020995,-1.936523,-9.565708,1.7757573
1377683586609770750,30.33377075,-1.7979112,-9.647139,1.8092875
1377683586633452391,30.357452391,-1.8094373,-9.703571,1.7206719
1377683586640471435,30.364471435,-1.924997,-9.756112,1.5489789
1377683586683470704,30.407470704,-1.6831,-9.926907,1.5088623
1377683586709898925,30.433898925,-1.5923886,-9.907148,1.5618521
1377683586720641111,30.444641111,-1.6340021,-9.880504,1.6055613
1377683586763731933,30.487731933,-1.8501526,-10.127041,1.7154328
1377683586794585206,30.518585206,-1.9428099,-9.805959,1.7375866
1377683586825102782,30.549102782,-2.2694306,-9.592503,1.841321
1377683586850584959,30.574584959,-2.26494,-9.768537,1.7817448
1377683586872771239,30.596771239,-2.0390596,-9.705069,1.6419356
1377683586880553222,30.604553222,-1.9832258,-9.735006,1.9014958
1377683586913298584,30.637298584,-1.9878662,-9.82901,1.8651215
1377683586920531251,30.644531251,-1.9137703,-9.659713,1.4401551
1377683586967802976,30.691802976,-2.3367906,-9.289982,1.773063
1377683586990202879,30.714202879,-2.177971,-9.071286,1.8991008
1377683587000517821,30.724517821,-1.9666104,-9.284742,1.7121396
1377683587045287108,30.769287108,-2.6940975,-11.23324,1.9357746
1377683587071471192,30.795471192,-2.654879,-10.044263,2.2382956
1377683587080382325,30.804382325,-1.8004559,-7.929161,1.3712983
1377683587109801268,30.833801268,-1.0847942,-7.707622,0.4658313
1377683587132262206,30.856262206,-1.113684,-9.631571,1.3120216
1377683587140440917,30.864440917,-1.6224761,-11.677517,2.229314
1377683587170744873,30.894744873,-1.7947677,-10.092612,2.2683828
1377683587180418946,30.904418946,-1.348845,-6.199957,1.4585669
1377683587210722899,30.934722899,-0.89738387,-7.1184473,0.4287085
1377683587233122801,30.957122801,-1.6847465,-10.777738,0.05748047
1377683587240477538,30.964477538,-3.442242,-12.600048,0.13950989
1377683587276183105,31.000183105,-4.4734473,-12.439582,1.3982424
1377683587280577637,31.004577637,-4.805607,-11.8002615,3.5319054
1377683587309905028,31.033905028,-4.4580293,-9.427695,4.5441003
1377683587320586180,31.04458618,0.29832962,-5.1224976,5.813461
1377683587362486816,31.086486816,-3.1591804,-12.766053,3.064278
1377683587390562987,31.114562987,-2.3337967,-8.968749,1.8004559
1377683587400511717,31.124511717,0.8836125,-7.8130026,-2.3143373
1377683587435271240,31.15927124,0.9222322,-7.8968287,-2.7473867
1377683587462553954,31.186553954,-0.91265213,-10.107132,2.681374
1377683587494566893,31.218566893,-2.4858806,-10.245444,-0.016316071
1377683587526305176,31.250305176,-5.3102074,-13.967006,0.23321503
1377683587551726317,31.275726317,-2.038012,-12.745096,0.65653473
1377683587560515380,31.28451538,3.9278321,-8.961265,-0.6095325
1377683587590117432,31.314117432,4.902006,-8.559501,-2.1097128
1377683587600462891,31.324462891,1.3939013,-11.719279,-3.1989977
1377683587648070311,31.372070311,4.806954,-11.11304,1.9761904
1377683587671080565,31.395080565,3.3995805,-13.164374,1.9920574
1377683587680449462,31.404449462,1.0762619,-14.615158,0.29847932
1377683587709502198,31.433502198,1.8209633,-13.818664,1.479673
1377683587731139160,31.45513916,3.5558555,-13.428276,2.46208
1377683587740416503,31.464416503,4.7618976,-11.7599945,2.1921914
1377683587770903563,31.494903563,4.7032194,-11.621532,1.1073972
1377683587780516601,31.504516601,3.9761815,-11.559262,0.81730044
1377683587810790039,31.534790039,3.3413515,-11.01694,1.1713142
1377683587820586182,31.544586182,2.9159362,-10.427466,0.5718109
1377683587850798583,31.574798583,1.703757,-8.904682,0.047151946
1377683587860472654,31.584472654,1.0300081,-8.292456,-1.2585827
1377683587890318847,31.614318847,1.5968792,-9.866582,-1.3242961
1377683587912322021,31.636322021,2.2586532,-11.171419,0.84993255
1377683587919951416,31.643951416,2.8436365,-11.221714,-1.4489868
1377683587949217772,31.673217772,4.854854,-9.922117,-3.465743
1377683587969542480,31.69354248,6.988218,-7.3456745,-1.1822416
1377683587980010009,31.704010009,7.2510715,-5.80433,-0.36269578
1377683588009856201,31.733856201,8.839568,-4.989275,-0.052989807
1377683588019865966,31.743865966,10.287357,-3.786975,1.6509169
1377683588048583007,31.772583007,8.779393,-2.6934988,4.47689
1377683588059905029,31.783905029,6.7249155,-2.2507195,6.67477
1377683588099974608,31.823974608,4.5662546,-2.4968078,7.4381824
1377683588120573973,31.844573973,1.2981006,-1.7274078,6.9145713
1377683588151518799,31.875518799,1.1603869,-1.445095,6.860533
1377683588159880616,31.883880616,0.5894742,-2.1059706,7.291188
1377683588188658690,31.91265869,-0.71087176,-2.405348,7.476652
1377683588199858641,31.923858641,-0.7586224,-2.0320244,7.439679
1377683588228545166,31.952545166,0.35206786,-1.7335451,7.356452
1377683588239836670,31.96383667,0.86954176,-1.7884809,7.5851765
1377683588272307371,31.996307371,0.80502594,-1.3965957,7.9831986
1377683588289336181,32.013336181,0.25521928,-0.34578094,8.034991
1377683588302824951,32.026824951,-0.28605515,0.4206253,8.50202
1377683588334197021,32.058197021,0.59381515,-0.045056306,10.094409
1377683588339842773,32.063842773,1.6299605,-0.8707393,10.843301
1377683588368895507,32.092895507,1.420995,-0.5987549,9.973011
1377683588389464355,32.113464355,-0.020207977,0.16615447,9.299861
1377683588425993895,32.149993895,-1.1919713,1.4914985,8.904832
1377683588448637939,32.172637939,0.58707917,1.3290862,9.309291
1377683588460539794,32.184539794,2.1902454,1.468596,9.836346
1377683588489714599,32.213714599,2.588567,1.7402811,9.626632
1377683588499815917,32.223815917,2.3815475,1.3684543,8.820707
1377683588529021239,32.253021239,2.2661376,1.0776091,8.435558
1377683588551482178,32.275482178,2.1112096,1.6015196,8.817714
1377683588559966065,32.283966065,0.9969269,1.9086809,9.483379
1377683588589293456,32.313293456,-0.10852432,1.8459613,9.347462
1377683588616667723,32.340667723,0.1499881,2.083667,8.880882
1377683588622038818,32.346038818,0.9431886,2.5394692,8.846154
1377683588653288818,32.377288818,1.0075548,2.2968237,8.854088
1377683588669524168,32.393524168,0.25985962,2.0288808,9.134604
1377683588679808593,32.403808593,-0.2523752,2.5888665,9.68022
1377683588708708740,32.43270874,-0.0017962647,3.1831307,10.188114
1377683588740782714,32.464782714,0.160616,4.190386,10.667417
1377683588769499755,32.493499755,0.11885285,4.1516166,10.332863
1377683588789946533,32.513946533,0.7911049,3.551814,10.533595
1377683588799834229,32.523834229,1.0978171,3.3090189,11.510015
1377683588828551268,32.552551268,0.6752458,2.5408163,11.498189
1377683588839903807,32.563903807,0.77194476,1.6084054,11.705209
1377683588869627930,32.59362793,1.8992505,1.4976356,11.9233055
1377683588892668701,32.616668701,2.8936327,1.939367,10.399025
1377683588912932371,32.636932371,2.8026218,1.9498453,8.740174
1377683588919798827,32.643798827,1.8133292,1.4880556,8.216713
1377683588950865723,32.674865723,0.8653505,1.619183,9.087752
1377683588961028076,32.685028076,0.54247195,2.1725821,9.542656
1377683588989958739,32.713958739,1.0364447,2.2098546,9.226214
1377683589010405517,32.734405517,1.9215541,1.737437,9.175769
1377683589019988037,32.743988037,1.6622932,1.3745915,9.232651
1377683589060240722,32.784240722,-1.0231224,1.1015593,8.800649
1377683589088957763,32.812957763,-0.49591872,1.5212865,9.407337
1377683589099852539,32.823852539,0.7192543,2.1318667,10.5057535
1377683589128691650,32.85269165,1.2525952,2.0209475,10.673554
1377683589139861083,32.863861083,0.35655853,1.4165044,9.574241
1377683589168639159,32.892639159,-0.47945297,0.9909393,9.247769
1377683589190367676,32.914367676,-0.29758117,0.90531737,9.578731
1377683589200591065,32.924591065,0.124541014,1.0888357,9.777667
1377683589228819823,32.952819823,0.2640509,1.35124,9.64624
1377683589239806151,32.963806151,0.12978011,1.2674145,9.345217
1377683589268584229,32.992584229,0.018411713,1.1392808,9.225765
1377683589279967286,33.003967286,0.11690689,1.2799883,9.40135
1377683589321013427,33.045013427,0.642464,1.4810202,9.388027
1377683589348479248,33.072479248,0.728535,1.5646962,9.1025715
1377683589359862305,33.083862305,0.5842351,1.6606467,9.042247
1377683589388976073,33.112976073,0.30311966,1.7994081,9.229208
1377683589399809813,33.123809813,0.15627502,2.0411553,9.068592
1377683589440062500,33.1640625,0.51971924,2.2414389,8.499925
1377683589468535399,33.192535399,0.82613206,2.1052222,9.058562
1377683589497099852,33.221099852,0.685724,1.7320482,8.262518
1377683589522246338,33.246246338,-0.07649094,2.5638685,8.693023
1377683589565642333,33.289642333,0.33724868,2.9020152,9.928104
1377683589600798584,33.324798584,-0.7288344,3.1283445,9.746831
1377683589640257811,33.364257811,-0.27647507,3.3699422,9.707613
1377683589683318115,33.407318115,-0.11840378,3.131937,11.016641
1377683589720061278,33.444061278,-0.37317398,4.1320076,9.663156
1377683589760100342,33.484100342,-0.45849654,2.714156,10.10818
1377683589801451659,33.525451659,0.40655458,1.8907182,11.652668
1377683589828947998,33.552947998,0.026644593,1.578767,11.259585
1377683589860167480,33.58416748,-1.2241544,2.1188438,9.155411
1377683589889067626,33.613067626,-1.4662011,2.4098387,8.520881
1377683589921477295,33.645477295,-1.2744498,2.3222709,8.890911
1377683589961302733,33.685302733,-0.3384462,2.439477,7.821685
1377683590001341797,33.725341797,-1.0874885,2.1953347,8.895252
1377683590049956298,33.773956298,-0.97118044,1.5596068,8.471483
1377683590079955079,33.803955079,-1.0984159,2.5406666,9.827963
1377683590120268798,33.844268798,-1.9450552,2.389032,10.090965
1377683590158629395,33.882629395,-1.5112573,2.4888744,9.836346
1377683590181822753,33.905822753,-1.1633807,2.7128086,9.288485
1377683590222868896,33.946868896,-1.1165282,2.8372,9.582623
1377683590258604980,33.98260498,-1.0698253,2.7635531,9.618848
1377683590260710692,33.984710692,-0.8710387,2.735711,9.452693
1377683590292021728,34.016021728,-0.62734544,2.8726761,9.498797
1377683590318602540,34.04260254,-0.4644841,3.0120363,9.7514715
1377683590329863525,34.053863525,-0.52316207,3.0341904,9.864636
1377683590362639403,34.086639403,-1.0193802,3.1349308,9.04539
1377683590400694825,34.124694825,-0.6195616,3.254233,8.361163
1377683590442351317,34.166351317,0.0013471985,3.419938,8.893755
1377683590481596924,34.205596924,-0.8202942,4.098028,8.370144
1377683590520506835,34.244506835,-0.029788055,3.9808218,9.536968
1377683590562682129,34.286682129,-1.1443703,4.0499783,8.602611
1377683590602812743,34.326812743,-0.6646179,4.67882,8.629854
1377683590643095948,34.367095948,-0.565524,4.795428,9.139245
1377683590685973143,34.409973143,-0.9394464,4.7848,8.844508
1377683590725645996,34.449645996,-0.70458484,4.78495,8.538693
1377683590765349364,34.489349364,-0.6370752,4.716991,8.712033
1377683590780852295,34.504852295,-0.4007167,4.8874865,8.580457
1377683590826567626,34.550567626,-0.50250506,4.998256,8.484207
1377683590864043212,34.588043212,-0.44966492,5.022955,8.648715
1377683590898741699,34.622741699,-0.2269281,5.0927095,8.448281
1377683590909880614,34.633880614,-0.44247985,5.107978,8.2373705
1377683590942015625,34.666015625,-1.2813355,5.021009,8.956625
1377683590981657958,34.705657958,-0.3439847,5.1144147,9.749376
1377683591019286133,34.743286133,0.36194733,5.1259403,9.629925
1377683591030028320,34.75402832,0.6210585,5.184918,9.163045
1377683591058806396,34.782806396,0.6385721,5.123845,8.92998
1377683591069853758,34.793853758,0.65878004,5.00125,8.898246
1377683591099120117,34.823120117,0.70712954,4.7711782,8.605754
1377683591109892822,34.833892822,0.6777905,4.63077,8.150551
1377683591141936278,34.865936278,0.33650026,4.410728,8.016729
1377683591178343750,34.90234375,0.25432113,4.0679407,8.50217
1377683591201506592,34.925506592,0.2812651,3.608995,9.571845
1377683591240233397,34.964233397,0.25566834,3.5100508,9.224717
1377683591258696533,34.982696533,0.20103195,3.4572108,8.803792
1377683591281401612,35.005401612,0.90846086,3.8245468,8.083341
1377683591323271727,35.047271727,2.0378623,3.8522391,7.627239
1377683591359496094,35.083496094,1.6721727,3.8197567,7.7125616
1377683591369780517,35.093780517,1.2159215,3.7705092,7.9800553
1377683591402068114,35.126068114,1.4985337,3.6631823,8.143216
1377683591438841797,35.162841797,1.6428337,3.967799,8.315208
1377683591449828125,35.173828125,1.5423926,4.397106,8.6843405
1377683591478514648,35.202514648,1.5194902,4.5167074,9.0269785
1377683591505248046,35.229248046,2.3614893,4.2089477,9.182804
1377683591539946532,35.263946532,2.2210813,4.4215055,8.882379
1377683591550047850,35.27404785,1.6010705,4.5503874,8.5943775
1377683591579192138,35.303192138,1.0590477,4.5562253,8.536598
1377683591589995361,35.313995361,0.9571097,4.5625124,8.579858
1377683591622069335,35.346069335,1.4429992,4.396657,8.315208
1377683591658476806,35.382476806,1.2807367,4.5945454,8.116571
1377683591678740479,35.402740479,1.1053015,4.784201,8.005353
1377683591689879394,35.413879394,1.0897338,4.738247,7.9929285
1377683591722319579,35.446319579,1.3287867,4.737049,8.028255
1377683591759612061,35.483612061,1.372945,4.713548,8.086484
1377683591782500243,35.506500243,0.760269,4.61655,8.744665
1377683591818633056,35.542633056,0.78691363,4.6219387,9.170529
1377683591829924561,35.553924561,1.2261003,4.4210563,8.848549
1377683591851347900,35.5753479,1.611399,4.2073007,8.289013
1377683591878539062,35.602539062,1.7333953,4.121529,8.042775
1377683591890013671,35.614013671,1.5003301,4.217779,8.283474
1377683591918608643,35.642608643,1.2283456,4.5879593,8.845555
1377683591939330077,35.663330077,1.2024494,5.086423,9.367071
1377683591949889159,35.673889159,1.2924124,5.1913548,9.268276
