1377683556308562254,0.032562254,0.091448955,0.079242624,0.064378455
1377683556319853758,0.043853758,-0.063102536,0.021670941,0.04943626
1377683556348814941,0.072814941,-0.09933351,0.03552417,0.025981799
1377683556359801269,0.083801269,-0.025775138,0.069617696,0.018517492
1377683556389220214,0.113220214,-5.326322E-7,0.07813635,0.052622464
1377683556399870848,0.123870848,-0.04601889,0.052548163,0.06220745
1377683556429228759,0.153228759,-0.048124652,0.04506468,0.04299647
1377683556439818359,0.163818359,-5.326322E-7,0.034387536,0.05256867
1377683556474272704,0.198272704,0.06380588,0.059950687,0.11755353
1377683556509520507,0.233520507,0.057410564,0.035436023,0.12821203
1377683556530241944,0.254241944,0.027566647,-5.326322E-7,0.10369737
1377683556539824463,0.263824463,-5.326322E-7,-5.326322E-7,0.048265535
1377683556571013426,0.295013426,-5.326322E-7,0.037564155,0.01840697
1377683556590971923,0.314971923,-0.021451496,0.043938164,0.027989557
1377683556600462890,0.32446289,-0.02889876,0.027932566,0.02904044
1377683556630919434,0.354919434,-5.326322E-7,-5.326322E-7,-0.026386334
1377683556652098631,0.376098631,0.054244865,-5.326322E-7,-0.050881557
1377683556660094236,0.384094236,0.0680949,-5.326322E-7,-0.051941227
1377683556691618896,0.415618896,-5.326322E-7,0.05562598,-0.047659133
1377683556710539795,0.434539795,-0.02250451,0.04813424,-0.057227604
1377683556720641114,0.444641114,-5.326322E-7,-0.061653778,-0.081734814
1377683556752104735,0.476104735,-0.07046484,-0.1362633,-0.09559097
1377683556760161375,0.484161375,-0.14294277,-0.15225132,-0.09026172
1377683556792387938,0.516387938,-0.1408109,-0.13306564,-0.055088554
1377683556811522461,0.535522461,-0.07046484,-0.088300034,-5.326322E-7
1377683556822295166,0.546295166,-0.033150498,-0.04671744,0.021648305
1377683556855101561,0.579101561,-0.16742522,-0.092528604,-5.326322E-7
1377683556893065428,0.617065428,-0.22924438,-0.091462806,-0.035918586
1377683556902678466,0.626678466,-0.23990288,-5.326322E-7,-0.027391944
1377683556932341553,0.656341553,-0.18767643,-5.326322E-7,-5.326322E-7
1377683556943266845,0.667266845,-0.114132695,-0.0946602,0.034427483
1377683556970549559,0.694549559,-0.112001106,-0.15967675,0.025900573
1377683556981108642,0.705108642,-0.16742522,-0.10638449,-5.326322E-7
1377683557011260010,0.73526001,-0.112001106,-5.326322E-7,0.028032433
1377683557024565673,0.748565673,0.054283746,0.035365183,0.0706486
1377683557052641844,0.776641844,0.1693893,0.052414738,0.06637636
1377683557056731200,0.7807312,0.1693893,0.042822033,0.023742348
1377683557091002442,0.815002442,0.11396518,0.03429539,0.04399356
1377683557101561523,0.825561523,0.056409214,0.08012679,0.08023252
1377683557133208251,0.857208251,0.020170515,0.13235351,0.07596907
1377683557140410400,0.8644104,0.023367908,0.08652184,0.090891026
1377683557169707276,0.893707276,0.094779775,0.038558844,0.16336869
1377683557191893554,0.915893554,0.13954565,0.031097732,0.23904428
1377683557201201414,0.925201414,0.045750976,0.042822033,0.28913912
1377683557233366943,0.957366943,-0.14610235,-5.326322E-7,0.28913912
1377683557241057373,0.965057373,-0.14929974,-5.326322E-7,0.32750943
1377683557270537353,0.994537353,-5.326322E-7,-0.0754873,0.3616168
1377683557280455565,1.004455565,0.024433704,-0.044577587,0.38080195
1377683557313078857,1.037078857,-0.022463763,0.039624643,0.38613147
1377683557320494629,1.044494629,-5.326322E-7,0.14514388,0.45221406
1377683557350035644,1.074035644,0.06706772,0.29862612,0.5396137
1377683557360838866,1.084838866,0.09264818,0.35937974,0.5577333
1377683557393095947,1.117095947,0.088384725,0.31461415,0.59290624
1377683557405058837,1.129058837,0.112899385,0.20376538,0.6131574
1377683557431242919,1.155242919,0.19816741,0.22508265,0.6216841
1377683557441435789,1.165435789,0.06919931,0.3412604,0.6792403
1377683557471007324,1.195007324,-0.15462899,0.36257714,0.72400594
1377683557480193115,1.204193115,-0.16848488,0.18138283,0.7570475
1377683557508666015,1.232666015,0.023367908,0.2655848,0.77729845
1377683557539488769,1.263488769,-0.20259225,0.46170107,0.8593688
1377683557569792725,1.293792725,-0.27187252,0.3828281,0.8114058
1377683557579894043,1.303894043,-0.20365806,0.29009947,0.83059096
1377683557617064452,1.341064452,0.24080116,-0.0648288,0.75384957
1377683557651000000,1.375,0.2908963,-0.24815468,0.7325328
1377683557659941650,1.38394165,-0.12585114,0.025768481,0.83378834
1377683557690886473,1.414886473,-0.6971469,0.221885,1.0309707
1377683557699797607,1.423797607,-1.3398545,0.9519922,0.74638873
1377683557728941895,1.452941895,-0.6758296,0.68872756,1.0235095
1377683557740080810,1.46408081,-0.07895367,0.8219583,1.1364899
1377683557768706298,1.492706298,-0.08961244,0.540574,1.007522
1377683557788725830,1.51272583,-0.5319398,-0.29078895,0.8785542
1377683557809813477,1.533813477,-0.73551744,-0.24602309,0.9808758
1377683557819884277,1.543884277,-0.52234733,-0.26201084,1.142885
1377683557848753905,1.572753905,-0.2622798,-0.37925437,1.5564348
1377683557860930419,1.584930419,-0.07788788,0.049217347,1.7376289
1377683557890959717,1.614959717,-0.18020946,0.48408413,1.0757363
1377683557900481201,1.624481201,-0.37952337,-0.42615184,0.6195525
1377683557929991698,1.653991698,-0.13757543,-0.53593427,0.61635506
1377683557940337157,1.664337157,0.37509826,0.17392173,0.43089706
1377683557969267823,1.693267823,0.5658855,1.0159432,0.48418957
1377683557980772949,1.704772949,0.23866957,1.090553,0.7868911
1377683558010405516,1.734405516,-0.23243617,0.53524476,0.794352
1377683558030150390,1.75415039,-0.2857287,-5.326322E-7,0.4916507
1377683558039885498,1.763885498,0.030828753,-0.11492339,0.38932884
1377683558072203612,1.796203612,0.059606872,0.2474652,0.37867033
1377683558080382323,1.804382323,-0.27080673,0.45956945,0.37547296
1377683558122282959,1.846282959,-0.24522626,-0.19912589,0.09302262
1377683558149870849,1.873870849,0.10756987,-0.54019773,0.22199072
1377683558160033202,1.884033202,0.07985781,-0.27373514,0.17402719
1377683558192198730,1.91619873,-0.04911002,-0.1000017,0.33603632
1377683558200438477,1.924438477,-0.1716828,0.15580238,0.33710238
1377683558230711913,1.954711913,-0.18553871,0.21655574,0.31578538
1377683558239836668,1.963836668,-0.07255863,0.11743182,0.26782212
1377683558269041992,1.993041992,-5.326322E-7,-0.06802619,0.20813456
1377683558292235352,2.016235352,0.04894837,-0.20019168,0.175093
1377683558299864746,2.023864746,0.06600192,-0.1980601,0.21346381
1377683558330138182,2.054138182,0.07452883,-0.091475055,0.23478082
1377683558341795898,2.065795898,0.051079962,-5.326322E-7,0.13245924
1377683558369780518,2.093780518,0.06599686,-0.09573106,0.062103853
1377683558380003906,2.104003906,0.2194791,-0.18739413,0.03225967
1377683558409178710,2.13317871,0.20455714,-0.09253366,0.11646216
1377683558419829345,2.143829345,0.0755893,0.056685384,0.19959833
1377683558448607422,2.172607422,0.05320623,0.114241086,0.21878348
1377683558469511962,2.193511962,0.026559971,0.083331645,0.1399105
1377683558480864500,2.2048645,-0.048049286,0.09825333,-5.326322E-7
1377683558509337402,2.233337402,-0.08855171,0.019380622,-0.057271544
1377683558519804932,2.243804932,0.038300782,-0.071205206,0.04825435
1377683558548583007,2.272583007,0.149149,-0.052020058,0.14418088
1377683558569151854,2.293151854,0.06921023,-5.326322E-7,0.12606153
1377683558580809570,2.30480957,-0.15461567,0.023656594,-0.061533403
1377683558609770752,2.333770752,-0.50847816,-0.06480909,-0.24379349
1377683558620360351,2.344360351,-0.43067098,-5.326322E-7,-0.2405961
1377683558648589110,2.37258911,-0.18232773,-0.023240607,-0.124418624
1377683558668761230,2.39276123,-0.036298618,0.08653569,0.032261
1377683558680022217,2.404022217,0.03404745,0.22189857,0.040787645
1377683558708586669,2.432586669,-0.07680077,0.29863995,-0.021031516
1377683558719908690,2.44390869,-0.20470308,0.23468894,-0.041282725
1377683558748686767,2.472686767,-0.21216366,0.079074845,-5.326322E-7
1377683558769316651,2.493316651,-0.11517133,-0.04989299,0.039721847
1377683558780058838,2.504058838,-0.02029888,-0.041352235,0.03971066
1377683558808684325,2.532684325,-0.032014925,-5.326322E-7,-5.326322E-7
1377683558828795410,2.55279541,-0.09807836,-5.326322E-7,-0.059415657
1377683558835967040,2.55996704,-5.326322E-7,-0.1287428,-0.07327128
1377683558868559814,2.592559814,0.12361834,-0.26410568,-0.0690081
1377683558893858885,2.617858885,0.18437198,-0.09996495,-0.13828836
1377683558899962402,2.623962402,0.0916431,0.0375298,-0.17985632
1377683558929594971,2.653594971,0.01916544,0.10041502,-0.11164211
1377683558952116942,2.676116942,0.021297032,0.021542044,-0.11697136
1377683558960020995,2.684020995,0.08418199,0.048188303,-0.22462219
1377683558989409424,2.713409424,0.07778694,0.02260784,-0.25233424
1377683558999999023,2.723999023,0.053272277,-0.13407232,-0.14788108
1377683559028868652,2.752868652,0.36023727,-0.16285017,-0.11057631
1377683559050566649,2.774566649,0.4582954,-0.16285017,0.06528899
1377683559059843993,2.783843993,0.19822814,-0.15005954,0.15695207
1377683559088774659,2.812774659,0.24619113,-0.15325746,-5.326322E-7
1377683559099852539,2.823852539,0.248323,0.22298755,-0.0913909
1377683559128478026,2.852478026,0.036218725,0.3487577,-0.15214427
1377683559141753173,2.865753173,-0.066102855,-0.029618878,-0.124432206
1377683559168608643,2.892608643,-0.08741959,-0.31206894,-0.12016902
1377683559179808594,2.903808594,-0.13431732,-0.14366476,-0.225688
1377683559208617186,2.932617186,-0.18121453,0.20380239,-0.24913685
1377683559219817138,2.943817138,-0.30591917,0.34556034,-0.17665893
1377683559248503663,2.972503663,-0.35175058,0.23044865,-0.07327128
1377683559259795166,2.983795166,-0.3570801,-0.19802307,0.049300972
1377683559288695311,3.012695311,-0.33469704,0.13239026,-5.326322E-7
1377683559299803710,3.02380371,-0.9273095,0.68556666,0.31576356
1377683559328490235,3.052490235,-0.4061089,1.1801213,0.48843122
1377683559339751221,3.063751221,0.08418199,0.06630792,0.6461772
1377683559368590331,3.092590331,0.26857394,-0.5625435,0.30297372
1377683559379820800,3.1038208,0.5158514,-0.7831747,-5.326322E-7
1377683559408507325,3.132507325,0.65014845,-0.8140844,0.050367035
1377683559419798828,3.143798828,0.44124186,-0.21614268,0.33281738
1377683559449736571,3.173736571,0.15346253,0.17182688,0.4831022
1377683559459807372,3.183807372,-0.13005388,-0.023223564,0.28378832
1377683559489226319,3.213226319,-0.04798324,-0.4634196,0.11538412
1377683559500700927,3.224700927,0.44763663,-0.53056824,0.13137187
1377683559530516600,3.2545166,-0.046917442,0.38499695,0.9147713
1377683559539793945,3.263793945,-0.30165547,0.8539708,0.43727082
1377683559570738770,3.29473877,-0.11086846,-0.18096952,0.021588916
1377683559588652587,3.312652587,0.5041271,-1.2265683,-0.2448734
1377683559599974608,3.323974608,0.35277617,-1.6998057,0.042906187
1377683559631010986,3.355010986,0.20888664,-0.55934614,-0.076469205
1377683559640196777,3.364196777,-0.31976894,0.5256835,0.27419055
1377683559671111083,3.395111083,-0.3357567,0.5128934,0.3701168
1377683559679808592,3.403808592,0.07246355,-0.29075754,0.077007964
1377683559708769775,3.432769775,0.34532118,-0.6254346,0.1590786
1377683559731474854,3.455474854,0.26857978,-0.316338,0.38290718
1377683559740965820,3.46496582,-0.02985803,-0.028558673,0.27419055
1377683559769865966,3.493865966,-0.23663278,0.41376948,0.043966927
1377683559779784179,3.503784179,-0.40930042,0.54806656,-0.054091465
1377683559808684327,3.532684327,-0.39970773,0.3370281,0.07061318
1377683559820982910,3.54498291,-0.3368225,-0.1383411,0.13456394
1377683559848906493,3.572906493,-0.16202353,-0.42505464,0.21237111
1377683559859831786,3.583831786,-5.326322E-7,-0.40267208,0.14628823
1377683559889433838,3.613433838,-0.36133716,0.09721177,-0.019984094
1377683559909270263,3.633270263,-0.29951802,0.3338307,0.14735404
1377683559930541015,3.654541015,-0.09487458,0.15689933,0.23262233
1377683559939940429,3.663940429,-0.17055017,0.111067936,0.117510386
1377683559968749024,3.692749024,-0.36027136,0.33063278,0.06848106
1377683559980406738,3.704406738,-0.2920569,0.4681278,0.14735404
1377683560009184813,3.733184813,-5.326322E-7,0.3700694,0.1388274
1377683560019804931,3.743804931,0.13641484,0.12598988,0.05782282
1377683560051787354,3.775787354,0.10763645,0.054578025,-5.326322E-7
1377683560058806396,3.782806396,-0.019199528,0.14943849,-5.326322E-7
1377683560092284179,3.816284179,-0.12152084,0.14517531,-0.0295768
1377683560100066161,3.824066161,-0.15136503,0.12385803,-0.034906052
1377683560129210450,3.85321045,-0.11405999,0.11000214,-0.02637941
1377683560138091064,3.862091064,-0.105533086,0.16436045,-5.326322E-7
1377683560169859862,3.893859862,-0.1449697,0.12385803,-5.326322E-7
1377683560180510497,3.904510497,-0.041582063,0.04178766,-0.06261811
1377683560211302735,3.935302735,0.0298298,0.083355874,-0.09139596
1377683560220396972,3.944396972,-0.09274299,0.18674299,-0.0647497
1377683560249327636,3.973327636,-0.26967436,0.3274354,-5.326322E-7
1377683560270567871,3.994567871,-0.21211812,0.41270342,0.08340328
1377683560280394531,4.004394531,0.05114654,0.36367434,0.08340328
1377683560311217284,4.035217284,0.14387542,0.15796514,0.04183533
1377683560320342040,4.04434204,0.23980194,0.17608474,0.13349815
1377683560350127197,4.074127197,0.34851858,0.1483727,0.112181135
1377683560363493896,4.087493896,0.2962924,-5.326322E-7,-5.326322E-7
1377683560390105224,4.114105224,0.2525923,-0.22893812,-0.18945435
1377683560412932372,4.136932372,0.4018111,-0.20975296,-0.26726153
1377683560420287109,4.144287109,0.44444537,-0.14899933,-0.21290295
1377683560448729493,4.172729493,0.33999193,-0.08398279,-0.080737725
1377683560459898926,4.183898926,0.42845735,-0.10103634,-0.11058164
1377683560488707519,4.212707519,0.45936733,-0.20548977,-0.17773005
1377683560511473632,4.235473632,0.46896002,-0.33552316,-0.14149109
1377683560519927002,4.243927002,0.49347442,-0.4485035,-0.11377903
1377683560550169921,4.274169921,0.6874591,-0.39521098,-0.18092744
1377683560560576415,4.284576415,0.43058947,0.20166521,-0.07327661
1377683560590361572,4.314361572,0.14707334,0.48518133,0.08553488
1377683560600340820,4.32434082,0.21102409,-0.01790017,0.09832524
1377683560630461669,4.354461669,0.42525995,-0.6957804,0.05462516
1377683560640288329,4.364288329,0.53291076,-0.6392905,-0.063683905
1377683560672484375,4.396484375,0.25472417,-0.09570682,0.03437422
1377683560680449463,4.404449463,0.09378082,0.099343635,0.1803956
1377683560710967040,4.43496704,0.21315569,-0.3632352,0.082337216
1377683560720335936,4.444335936,0.27497512,-0.71603185,-0.087132774
1377683560748625732,4.472625732,0.24086773,-0.5103229,-0.118042216
1377683560759856201,4.483856201,0.18650943,-0.054139137,0.02371545
1377683560791441894,4.515441894,0.15133652,0.17928241,0.099391036
1377683560799895262,4.523895262,0.15133652,-5.326322E-7,0.074876375
1377683560830016113,4.554016113,0.08525391,-0.25451857,-5.326322E-7
1377683560848814942,4.572814942,0.09804401,-0.437845,-0.021050157
1377683560859831787,4.583831787,0.44977462,-0.44210818,0.03330842
1377683560890349364,4.614349364,0.30695063,-0.09570682,0.07913983
1377683560899809814,4.623809814,-0.14177205,0.30185494,0.021583855
1377683560928465821,4.652465821,-0.20785493,0.081224285,-5.326322E-7
1377683560949797607,4.673797607,0.2174194,-0.50925714,-5.326322E-7
1377683560959868407,4.683868407,0.44551116,-0.71603185,0.10365422
1377683560990538574,4.714538574,0.14813913,-0.2694408,0.1697371
1377683560999999024,4.723999024,-0.10446729,0.26135278,0.15481515
1377683561028593993,4.752593993,-5.326322E-7,-5.326322E-7,0.100456834
1377683561049742675,4.773742675,0.15559998,-0.60198575,0.036505815
1377683561059782958,4.783782958,0.41673332,-0.80129963,-0.09779128
1377683561094481446,4.818481446,0.37409905,-0.36856472,-0.13296445
1377683561102110840,4.82611084,-5.326322E-7,0.26135278,-0.08926436
1377683561128539062,4.852539062,-0.23023774,0.5747128,-0.034906052
1377683561152281738,4.876281738,-0.16735251,0.31997427,0.043966927
1377683561159911133,4.883911133,0.091651626,-0.12661973,-5.326322E-7
1377683561189330077,4.913330077,0.15986583,-0.09890767,-0.059428174
1377683561210997558,4.934997558,-0.06823099,0.18247235,-5.326322E-7
1377683561221617675,4.945617675,-0.2046602,0.32316473,0.03543709
1377683561248991944,4.972991944,-0.18654032,0.16648458,0.051424842
1377683561280486083,5.004486083,-0.09166121,-5.326322E-7,0.12921497
1377683561308592773,5.032592773,-0.06927814,0.047104396,0.08125171
1377683561319914795,5.043914795,-0.0777928,0.081196584,-0.03919534
1377683561348998046,5.072998046,-0.2206168,0.063077234,0.03541445
1377683561359831786,5.083831786,-0.31654334,0.06627463,0.08977276
1377683561388701416,5.112701416,-0.28456756,-5.326322E-7,0.14839427
1377683561398070313,5.122070313,-0.021302892,0.067340426,0.10895791
1377683561428832031,5.152832031,-0.20249718,0.19630826,0.111089505
1377683561439909911,5.163909911,-0.3325311,0.18245237,0.19102828
1377683561469237305,5.193237305,-0.23340715,-0.037113015,0.15372352
1377683561480071045,5.204071045,-0.0777928,-0.1724759,0.05673119
1377683561511626220,5.23562622,-0.20249718,-0.08401021,0.1121553
1377683561519865965,5.243865965,-0.43805033,0.081196584,0.21554294
1377683561551238037,5.275238037,-0.5371742,-0.1735417,0.13027465
1377683561559782959,5.283782959,-0.3943505,-0.5679061,0.16118462
1377683561588744140,5.31274414,-0.3431896,-0.42827973,0.13986735
1377683561599822020,5.32382202,-0.73329073,-0.25667787,-5.326322E-7
1377683561628539062,5.352539062,-1.0104119,-0.42081887,0.11855061
1377683561649229981,5.373229981,-1.1756184,-0.86847603,0.43510807
1377683561659789062,5.383789062,-0.93686783,-1.798963,0.60138065
1377683561688506103,5.412506103,-1.1862766,-2.0771499,0.746336
1377683561709929443,5.433929443,-1.7629019,-1.4504299,0.85825056
1377683561720030762,5.444030762,-1.6232753,-1.7851068,0.9285966
1377683561748442626,5.472442626,-0.723698,-2.5525188,1.2121124
1377683561760161376,5.484161376,-0.9613825,-1.9790914,2.0988998
1377683561789916015,5.513916015,-2.6539524,-1.3875448,3.0464406
1377683561799803711,5.523803711,-1.2118571,-3.0801144,2.9217362
1377683561829802490,5.55380249,0.88999885,-4.1885986,2.2630405
1377683561839812255,5.563812255,1.1980294,-3.1707118,1.2941831
1377683561872160888,5.596160888,2.2937233,-3.0790486,-1.6059948
1377683561879881836,5.603881836,5.4923396,-3.9914162,-5.2927694
1377683561908965087,5.632965087,7.683727,-4.857952,-7.2368803
1377683561929594970,5.65359497,7.7370186,-4.7225895,-8.736531
1377683561940123535,5.664123535,7.2445965,-4.272801,-10.0294075
1377683561970305420,5.69430542,7.0303607,-3.9146752,-10.544213
1377683561979826904,5.703826904,7.034624,-4.028721,-10.220194
1377683562008727050,5.73272705,6.2906604,-3.317799,-10.037933
1377683562029814697,5.753814697,5.5317755,-1.6422827,-10.053921
1377683562039885497,5.763885497,5.356976,-1.0198267,-10.132794
1377683562070494627,5.794494627,4.660976,-1.1455969,-8.915594
1377683562079863524,5.803863524,2.417362,-1.0123656,-6.1529107
1377683562108733154,5.832733154,1.670201,0.55336785,-3.649229
1377683562130003907,5.854003907,2.166887,-0.4272139,-1.9491982
1377683562139769531,5.863769531,2.6049516,-1.8575845,-1.1530085
1377683562170531248,5.894531248,1.4911382,-1.2713673,-0.16603158
1377683562189208006,5.913208006,-0.55209595,0.38922712,1.7322476
1377683562199980711,5.923980711,-0.8388097,0.44998074,3.3928416
1377683562229857421,5.953857421,-0.28137016,-5.326322E-7,4.597252
1377683562239867187,5.963867187,-1.2640837,1.2621583,6.639421
1377683562270567871,5.994567871,-3.1271896,2.6733437,10.38695
1377683562289397215,6.013397215,-4.398749,3.990734,13.543997
1377683562310576413,6.034576413,-5.775827,5.204737,14.780383
1377683562319823240,6.04382324,-8.441518,5.6086946,12.641223
1377683562353209471,6.077209471,-8.658952,5.721675,11.6073475
1377683562360411620,6.08441162,-8.7900505,7.0092216,12.354508
1377683562393889404,6.117889404,-8.566222,6.3537235,11.642521
1377683562400023438,6.124023438,-6.546437,3.531353,6.90162
1377683562433165526,6.157165526,-3.3702035,2.4335277,3.911911
1377683562449736571,6.173736571,-1.8854747,5.140786,2.6819198
1377683562461028075,6.185028075,-0.40394294,4.5865445,1.3613315
1377683562490141846,6.214141846,1.2406634,2.3823667,0.13027465
1377683562500365234,6.224365234,1.7309545,2.1841185,-0.71281236
1377683562532744382,6.256744382,1.8567247,2.28644,-1.2830423
1377683562540465330,6.26446533,1.9867587,1.8515733,-1.5068709
1377683562570006347,6.294006347,1.9547828,1.7076839,-1.4152077
1377683562580412841,6.304412841,1.756535,1.4358917,-1.1604695
1377683562620543457,6.344543457,1.4293188,1.0116838,-0.33656737
1377683562649962400,6.3739624,1.5966575,0.77293324,-0.15430675
1377683562661101316,6.385101316,1.8705809,0.4798244,-0.1276605
1377683562689574217,6.413574217,1.9856929,0.603463,-0.16283366
1377683562700255370,6.42425537,1.5668138,1.0063542,-0.16283366
1377683562729735352,6.453735352,0.88040614,1.4071139,-0.087158605
1377683562740294434,6.464294434,0.23876464,1.1395855,-0.2086656
1377683562770384764,6.494384764,0.13857466,0.51179993,-0.4644694
1377683562780364012,6.504364012,0.40397143,0.23041536,-0.75331455
1377683562820250487,6.544250487,0.2899253,0.21762528,-0.6851003
1377683562849425293,6.573425293,0.21318418,0.2837079,-0.47832558
1377683562871001221,6.595001221,0.1705499,0.17179386,-0.48045716
1377683562880370117,6.604370117,-0.09591215,0.49900955,-0.6755079
1377683562913084959,6.637084959,-0.27497512,0.63650453,-0.7298662
1377683562921172116,6.645172116,-0.10337326,0.28583947,-0.5145645
1377683562950224852,6.674224852,0.33042744,-0.12984188,-0.23744345
1377683562960356688,6.684356688,0.36773247,-0.21510991,-0.112739064
1377683563001708008,6.725708008,-0.14600727,-0.10319563,-0.34296268
1377683563030608153,6.754608153,-0.0543442,-0.24282196,-0.08396121
1377683563040373777,6.764373777,0.07142598,-0.28758758,0.14626268
1377683563070006347,6.794006347,-0.22594605,-0.08614181,0.09829941
1377683563080962157,6.804962157,-0.4519062,0.31035414,0.07271895
1377683563109465576,6.833465576,-0.05860739,0.048155278,0.25711116
1377683563120360350,6.84436035,0.3325596,-0.5039553,0.14519687
1377683563154845212,6.878845212,0.08101869,-0.23749271,-0.12126571
1377683563160216307,6.884216307,-0.34958464,0.39455664,-0.29286757
1377683563196684813,6.920684813,-0.41246986,0.62904346,-0.24490456
1377683563221190430,6.94519043,0.1257843,-5.326322E-7,-0.19480944
1377683563248930907,6.972930907,0.2973864,-0.19166104,-0.22785074
1377683563259795164,6.983795164,0.1790768,-0.3184973,-0.16603158
1377683563298186278,7.022186278,-5.326322E-7,-0.19592424,-0.112739064
1377683563320128417,7.044128417,-0.22701184,0.30715674,-0.2981971
1377683563349394775,7.073394775,-0.098044276,0.27091777,-0.30139446
1377683563359801268,7.083801268,0.2430281,-0.04670572,-0.14897777
1377683563388487791,7.112487791,0.19506456,-0.21404386,-0.09142179
1377683563400053953,7.124053953,-5.326322E-7,-0.13836853,-0.17775561
1377683563428740478,7.152740478,-0.09484635,-0.16927798,-0.24277243
1377683563439787842,7.163787842,-0.0532784,-0.25561208,-0.24597035
1377683563468749023,7.192749023,-0.13641457,-0.24815096,-0.23957504
1377683563479735351,7.203735351,-0.22488025,-0.4101601,-0.17882141
1377683563508299802,7.232299802,-0.19397055,-0.9505464,-0.05091964
1377683563519713377,7.243713377,-0.07992466,-2.127245,0.12068221
1377683563559782958,7.283782958,0.19506456,-3.874173,0.63442194
1377683563581267334,7.305267334,1.6190406,-7.65794,2.1138215
1377683563611754393,7.335754393,2.2489576,-8.686485,3.3736563
1377683563622588132,7.346588132,2.5196834,-8.0960045,5.1312428
1377683563652007079,7.376007079,1.5273772,-6.899055,6.1512613
1377683563660521483,7.384521483,0.23876464,-5.0988345,6.031886
1377683563706908203,7.430908203,2.1914017,-1.897021,4.6537423
1377683563741179441,7.465179441,0.13111381,1.7183421,2.950514
1377683563773955320,7.49795532,-0.24193381,1.2056682,2.666998
1377683563801207519,7.525207519,2.0091412,-1.0283536,2.0935705
1377683563844023680,7.56802368,1.459163,-2.2764635,0.98935026
1377683563880797362,7.604797362,-1.7149386,-0.21084645,1.1950592
1377683563923705078,7.647705078,0.6235363,-2.5972843,1.9901832
1377683563959959960,7.68395996,-1.5571927,0.7345627,2.422918
1377683563999907469,7.723907469,-1.1606961,0.76227474,1.856952
1377683564040984130,7.76498413,-2.0901175,0.049221076,3.0038066
1377683564080962157,7.804962157,-0.42099676,-2.4555264,2.353638
1377683564120482420,7.84448242,-1.3770641,0.2890374,-0.9195874
1377683564161894775,7.885894775,-2.386424,-1.2596427,2.3504405
1377683564200072265,7.924072265,-0.05860739,-0.042441998,2.2491848
1377683564245055173,7.969055173,-0.42525995,-0.49542838,1.3336195
1377683564282164550,8.00616455,0.028792234,-0.6329229,-0.27368242
1377683564320555663,8.044555663,-3.2401698,-0.7000716,0.195292
1377683564366454100,8.0904541,-0.5190549,-1.4323106,3.5996168
1377683564403014160,8.12701416,-0.71836877,-1.2543135,2.6264958
1377683564441527343,8.165527343,0.3560079,-2.2498171,2.7170928
1377683564480406736,8.204406736,0.97846454,0.092920884,0.56620747
1377683564518645263,8.242645263,1.3312607,0.24107388,0.019426428
1377683564541991211,8.265991211,0.6576437,-0.19166104,-0.47939137
1377683564578520750,8.30252075,0.54999286,0.2901032,-0.53055227
1377683564604704832,8.328704832,-0.77166134,-0.56470865,-0.6008981
1377683564645689941,8.369689941,-0.7556733,-0.2737314,0.6152368
1377683564681548095,8.405548095,-0.098044276,-0.12877609,0.04394109
1377683564721068357,8.445068357,0.09807224,-0.27159983,-0.34296268
1377683564758696533,8.482696533,0.32616428,-0.32702392,-0.4655352
1377683564769957519,8.493957519,0.59475845,-0.47730905,-0.62541276
1377683564798674559,8.522674559,0.5702438,-0.6627668,-0.73626125
1377683564809813475,8.533813475,0.554256,-0.11598546,-0.79808015
1377683564843352293,8.567352293,0.6203389,1.8036098,-0.41224268
1377683564885436035,8.609436035,-0.18224624,1.0564494,-0.42823043
1377683564919066406,8.643066406,0.50735885,2.523059,-0.42716464
1377683564930266356,8.654266356,1.3962778,1.8984709,-0.3077895
1377683564962920164,8.686920164,1.8290128,4.134624,-0.7511829
1377683565008360840,8.73236084,1.455965,2.2160938,-1.2521323
1377683565038664794,8.762664794,1.4890066,1.8281245,-1.1743257
1377683565078886961,8.802886961,1.7213619,2.9675183,-0.8918753
1377683565105925536,8.829925536,0.7002777,1.7812274,-0.04026114
1377683565143065430,8.86706543,0.8143233,2.2597938,-0.23317973
1377683565178801512,8.902801512,0.7322529,2.9877696,-0.09675104
1377683565207518553,8.931518553,0.55105865,2.6466975,0.31253526
1377683565247221924,8.971221924,0.6032854,0.646097,0.44683236
1377683565278593993,9.002593993,0.8303113,1.0383301,0.41485685
1377683565308562254,9.032562254,1.4271872,1.1790218,0.49159822
1377683565338561034,9.062561034,1.1777785,0.7473528,0.4191203
1377683565349852539,9.073852539,1.015769,0.73882586,0.3871448
1377683565384581543,9.108581543,0.55319023,1.1246636,0.12494566
1377683565427550291,9.151550291,-5.326322E-7,0.7441554,-0.22998233
1377683565461333252,9.185333252,-1.2246478,0.54057777,-0.13831952
1377683565498534180,9.22253418,-1.818326,0.5682898,-0.35042328
1377683565509795166,9.233795166,-2.1135664,-0.3739214,-0.56998867
1377683565541594480,9.26559448,-3.7475142,-2.0696888,0.4201861
1377683565582518554,9.306518554,-2.7541423,-2.0057378,0.80495805
1377683565620604493,9.344604493,-2.720035,-1.8309382,0.8870284
1377683565632781006,9.356781006,-3.681432,-2.7592936,0.5726028
1377683565667265867,9.391265867,-5.5775785,-1.6465465,-0.8087392
1377683565699278808,9.423278808,-5.8994656,-1.9780257,-1.489817
1377683565727110840,9.45111084,-3.8189263,-3.4872694,0.24645239
1377683565761168456,9.485168456,-1.5198882,-4.5413947,0.25711116
1377683565802000975,9.526000975,1.4186603,-1.2468526,-0.25876018
1377683565850188233,9.574188233,2.1732824,-0.15542234,-0.22891654
1377683565882872558,9.606872558,2.2649455,2.558232,-0.73519516
1377683565918822265,9.642822265,2.60282,3.844713,-1.3363348
1377683565939299560,9.66329956,2.9662747,4.382967,-1.8042428
1377683565950194336,9.674194336,2.9620113,4.16127,-1.8085064
1377683565981841065,9.705841065,-5.326322E-7,2.0412946,-0.5987665
1377683566018614744,9.742614744,1.082918,4.1548753,-0.70321995
1377683566039488768,9.763488768,4.285797,4.756015,-0.60409576
1377683566050139403,9.774139403,0.6576437,-0.14156592,-5.326322E-7
1377683566080351807,9.804351807,3.8114939,13.0771055,0.7676532
1377683566082427002,9.806427002,1.8215516,2.0295703,0.33172068
1377683566119780517,9.843780517,3.1986299,-2.153891,2.7863734
1377683566139677977,9.863677977,3.7176988,3.4546118,4.6537423
1377683566205565430,9.92956543,2.4898396,-0.8727392,2.1564558
1377683566209807374,9.933807374,1.3984094,0.34979075,1.1332397
1377683566241850829,9.965850829,-1.0114776,1.6671811,-0.4090453
1377683566280425047,10.004425047,-2.3256707,-0.18846366,-1.4375904
1377683566289824462,10.013824462,-2.6891255,0.054550327,-1.5868094
1377683566318449951,10.042449951,-4.886908,-3.069456,-0.40158418
1377683566339842774,10.063842774,-4.0704665,-4.809989,0.4756102
1377683566349791504,10.073791504,-4.926344,-3.0108342,0.71755815
1377683566378508543,10.102508543,-7.9107246,-3.1664484,1.9784586
1377683566389830565,10.113830565,-8.19957,-3.4627547,4.340382
1377683566424345947,10.148345947,-6.4696956,2.3344035,-2.6579888
1377683566458495117,10.182495117,-9.756776,-0.8588833,0.1856993
1377683566470000244,10.194000244,-8.211293,-1.1168187,0.2741647
1377683566498503660,10.22250366,-6.0518823,-4.3165007,-0.29713073
1377683566509825682,10.233825682,-4.3784976,-4.838767,0.53636384
1377683566542021728,10.266021728,-0.46043286,-3.3700259,-0.60409576
1377683566578734376,10.302734376,1.9153467,-1.5111836,-0.730932
1377683566583586670,10.30758667,3.482146,0.24107388,-0.92385083
1377683566618468260,10.34246826,4.619408,0.88058406,-0.98780185
1377683566631834959,10.355834959,5.5093927,1.9133928,-1.0336332
1377683566659483886,10.383483886,5.847267,2.7895215,-1.1178353
1377683566678679444,10.402679444,5.484878,2.379169,-1.3917589
1377683566689848877,10.413848877,4.570379,1.192878,-1.8543378
1377683566718596434,10.442596434,3.248725,1.5136989,-1.5516365
1377683566723814939,10.447814939,-4.1866446,4.165534,-1.3715078
1377683566758696533,10.482696533,2.2148504,3.8159347,1.6331236
1377683566769804932,10.493804932,2.254287,7.663653,-1.439722
1377683566798521972,10.522521972,4.3252335,-10.323631,-1.2222887
1377683566809813475,10.533813475,11.495207,3.8468447,-2.4181724
1377683566842589355,10.566589355,2.473852,5.3624835,4.579133
1377683566879179931,10.603179931,5.580805,-10.600752,5.6449823
1377683566889800047,10.613800047,6.132915,2.6744094,-1.3480592
1377683566918486572,10.642486572,3.9543178,1.6213498,1.2302318
1377683566939208008,10.663208008,2.6657052,0.3913587,1.6864161
1377683566949797607,10.673797607,1.591328,1.4412212,0.8348017
1377683566978758788,10.702758788,1.1191567,-0.15755394,0.092970155
1377683566990050292,10.714050292,-0.54037166,-0.07868096,-0.85030687
1377683567018584229,10.742584229,-1.2704791,0.78145987,-1.5185949
1377683567039519286,10.763519286,-3.5524638,1.1822195,-1.2905031
1377683567049864744,10.773864744,-3.8647578,-1.7200899,-0.8183316
1377683567079924560,10.80392456,-4.639631,-2.4736457,-0.42076933
1377683567089903808,10.813903808,-6.4068103,-2.9575417,0.14626268
1377683567118529296,10.842529296,-6.4675636,-0.6840838,1.311237
1377683567138915038,10.862915038,-6.849138,0.61731917,0.12174801
1377683567149992919,10.873992919,-7.1944733,-2.558914,-1.9790424
1377683567182768799,10.906768799,-9.039459,-0.6734253,0.11855061
1377683567218657470,10.94265747,-7.7615056,-0.24601936,0.45749086
1377683567247923828,10.971923828,-4.1514716,-3.7697194,-0.445284
1377683567283507323,11.007507323,0.43807828,-4.128911,0.45109555
1377683567320158935,11.044158935,2.5132885,-2.02066,0.26670387
1377683567330901123,11.054901123,3.3574417,-0.2310974,0.07058735
1377683567360350585,11.084350585,4.193068,1.6479961,-0.5252228
1377683567370451903,11.094451903,5.6895213,3.224388,-1.2595935
1377683567399626709,11.123626709,6.5549917,2.9131598,-2.171961
1377683567410338379,11.134338379,6.7500424,1.7183421,-2.6100254
1377683567439757323,11.163757323,4.1461706,5.0448604,-1.9491982
1377683567463042235,11.187042235,-5.3953185,1.8611661,0.195292
1377683567501341797,11.225341797,-0.98056763,2.8854477,0.46175405
1377683567510405517,11.234405517,3.395812,1.4124434,-3.0960531
1377683567539946532,11.263946532,7.8393407,-1.9833549,-1.775465
1377683567550383544,11.274383544,6.752174,5.819733,-0.40158418
1377683567586852051,11.310852051,3.6899867,0.7015211,6.8174176
1377683567620818114,11.344818114,4.4019747,-6.9853883,0.9765599
1377683567630888915,11.354888915,5.786514,4.278514,-1.0027236
1377683567659972168,11.383972168,3.6654725,0.111040235,0.3423789
1377683567670683838,11.394683838,1.8172884,-1.0411437,2.2747648
1377683567698912597,11.422912597,1.2992854,0.8102377,1.2526149
1377683567709959960,11.43395996,0.74717486,2.7085168,0.30507442
1377683567738860108,11.462860108,0.49563453,1.3857971,-0.4602062
1377683567751158691,11.475158691,-2.1359494,0.25493002,-0.17455822
1377683567779326415,11.503326415,-2.628372,-1.4291127,-0.124463096
1377683567804167724,11.528167724,-5.1341853,-2.1400347,-0.4580741
1377683567843169188,11.567169188,-5.950626,0.65036017,-0.34509426
1377683567849944090,11.57394409,-4.779257,0.5810799,-0.03706348
1377683567879851318,11.603851318,-6.6679435,-0.52314043,-0.5870422
1377683567891570068,11.615570068,-7.9480295,-3.1877651,-3.053419
1377683567926512694,11.650512694,-9.228115,-0.97719264,-0.52735436
1377683567970274902,11.694274902,-7.2616215,-4.862216,0.27309865
1377683568005156493,11.729156493,-2.1967025,-4.828109,0.037546042
1377683568045134521,11.769134521,2.7488413,-1.3875448,0.08231165
1377683568080412841,11.804412841,4.142973,0.028969867,0.020492226
1377683568103056883,11.827056883,6.318373,3.965154,-1.0357648
1377683568139311768,11.863311768,6.388719,3.2872732,-1.404549
1377683568149931884,11.873931884,7.184909,1.9133928,-1.7701355
1377683568179930663,11.903930663,5.2066913,2.6637514,-0.4975107
1377683568189940429,11.913940429,-3.0035512,-1.4983932,-1.2148278
1377683568218565918,11.942565918,0.020265324,6.9942994,-1.5217923
1377683568239317870,11.96331787,0.97313505,9.048192,-1.1274279
1377683568252593016,11.976593016,1.3174047,-0.19912216,1.0959347
1377683568278563476,12.002563476,6.86622,-0.6883472,-1.532451
1377683568289916016,12.013916016,5.6383605,3.5068383,-0.15110935
1377683568330565428,12.054565428,1.2022929,-1.7925676,7.2224407
1377683568359435058,12.083435058,6.273607,0.6780722,-1.3459275
1377683568386443115,12.110443115,3.0536742,-1.2809597,1.7141281
1377683568418578124,12.142578124,1.9185442,1.5829792,1.9869856
1377683568439360595,12.163360595,1.3504459,1.010618,1.3123027
1377683568449919678,12.173919678,0.34321782,0.6141215,0.1558551
1377683568478697753,12.202697753,-5.326322E-7,-0.042441998,-1.1018475
1377683568484923339,12.208923339,-3.1506383,0.45317814,-1.2468033
1377683568521483398,12.245483398,-2.734957,-0.5721698,-0.9366409
1377683568530852295,12.254852295,-2.921481,-2.5834286,-0.84497786
1377683568560301757,12.284301757,-5.0840907,-4.1896644,-0.7288004
1377683568570403075,12.294403075,-6.284238,-1.1551895,-0.503906
1377683568600340820,12.32434082,-4.233542,1.5531353,-0.66165143
1377683568621764160,12.34576416,-5.5445375,-0.9675999,-2.613223
1377683568630766845,12.354766845,-8.139882,-4.869676,-4.657523
1377683568659453368,12.383453368,-8.896636,-1.6774559,-0.4111769
1377683568670622802,12.394622802,-8.455374,-0.3526044,1.0255889
1377683568700591065,12.424591065,-7.003686,-2.0185277,0.48200554
1377683568713500000,12.4375,-6.3290033,-6.372525,0.021558022
1377683568740050292,12.464050292,-3.3627427,-3.311404,-5.326322E-7
1377683568750426269,12.474426269,-0.82601964,-4.150228,-0.28114325
1377683568779906250,12.50390625,1.4271872,-2.975661,-5.326322E-7
1377683568790465332,12.514465332,2.7797508,-0.53273314,0.09510175
1377683568822966551,12.546966551,4.1546974,1.4380233,-0.15963627
1377683568830931640,12.55493164,5.287696,3.2819443,-0.8407144
1377683568861937500,12.5859375,5.884572,3.886281,-1.4748951
1377683568872130371,12.596130371,6.343953,2.2683206,-1.7775966
1377683568902983641,12.626983641,6.173417,0.8987034,-2.171961
1377683568905821776,12.629821776,3.0931106,3.2787464,-2.0824294
1377683568933470703,12.657470703,-4.5906014,-1.2692357,-0.9483653
1377683568961821532,12.685821532,-1.5134928,-0.21724151,-1.9801083
1377683568974547362,12.698547362,0.34748128,8.134759,-1.1903132
1377683569003539062,12.727539062,1.5849332,-5.326322E-7,-1.7648065
1377683569010405518,12.734405518,4.4296865,-2.5535846,-2.8711586
1377683569039854980,12.76385498,6.180878,6.805644,-1.5686901
1377683569061949706,12.785949706,5.663941,8.923488,1.5670407
1377683569070250488,12.794250488,7.4801493,3.8479104,4.5418277
1377683569102995850,12.82699585,1.8897663,-7.0397468,6.275966
1377683569110991455,12.834991455,5.5264463,3.8106055,-0.77889496
1377683569139861083,12.863861083,4.4254236,2.1020482,-0.12126571
1377683569164214111,12.888214111,0.70560664,4.0376315,1.4060974
1377683569199309325,12.923309325,-0.03302719,1.8707588,0.1132211
1377683569221800780,12.94580078,-0.2515265,1.7023543,-1.0240408
1377683569230803466,12.954803466,-2.1295543,1.1331903,-1.2052351
1377683569262968994,12.986968994,-2.2329412,-1.7062337,-0.9622214
1377683569270415283,12.994415283,-3.189009,-4.1257133,-1.113572
1377683569299498534,13.023498534,-4.951925,-1.5698051,-1.3278079
1377683569310332275,13.034332275,-5.099012,0.5842778,-1.312886
1377683569339903809,13.063903809,-5.4997716,-0.13623694,-2.2263193
1377683569350401855,13.074401855,-7.8723536,-2.7411742,-3.0384972
1377683569381743407,13.105743407,-10.313151,-2.0888739,-3.4062152
1377683569390318847,13.114318847,-7.768966,1.2941335,-1.5558996
1377683569419402100,13.1434021,-8.60779,-0.96440226,0.3061402
1377683569430907226,13.154907226,-8.687729,-6.1646843,1.2419564
1377683569460082030,13.18408203,-6.4856825,-5.7692537,1.7087986
1377683569481902099,13.205902099,-3.1975355,-4.1129236,1.5254728
1377683569490294434,13.214294434,0.3219008,-3.1461976,1.4807069
1377683569523009276,13.247009276,2.7008781,-0.6798206,0.8433286
1377683569530913329,13.254913329,4.6652393,1.4913158,0.5384954
1377683569561919189,13.285919189,5.6255703,2.3184156,-0.027470773
1377683569594206787,13.318206787,6.2395,2.92595,-1.3779027
1377683569621977782,13.345977782,5.9506545,3.027206,-1.5932044
1377683569630919433,13.354919433,4.575708,2.1755917,-0.6957588
1377683569663695313,13.387695313,1.5764062,1.0830957,-0.5134987
1377683569670989013,13.394989013,-2.862859,1.4742624,-1.4759609
1377683569701933837,13.425933837,0.8921305,6.133093,-0.47832558
1377683569710326171,13.434326171,3.0366206,4.8061094,-1.406681
1377683569739775635,13.463775635,5.3761616,1.0084858,-1.4482489
1377683569750426269,13.474426269,6.769227,-0.6947423,0.30400863
1377683569781035399,13.505035399,5.132082,5.1716957,1.4902996
1377683569790495849,13.514495849,6.353546,7.7126822,4.3808846
1377683569821776368,13.545776368,4.527745,-1.1040286,4.413926
1377683569830931640,13.55493164,4.9423604,2.606195,-0.3141843
1377683569859923339,13.583923339,2.8458338,2.2352796,-0.60302997
1377683569881865478,13.605865478,0.79087496,0.44678283,1.9358246
1377683569890318848,13.614318848,0.59689003,2.0178456,1.3218951
1377683569920042968,13.644042968,-0.34958464,3.2020054,0.15372352
1377683569930907225,13.654907225,-0.13108532,0.63117504,-0.81087077
1377683569961180664,13.685180664,-2.5580258,0.6119899,-0.90999466
1377683569970458008,13.694458008,-2.4535725,-1.6103076,-1.0847942
1377683570001952148,13.725952148,-2.7413518,-2.480041,-1.8500743
1377683570010436034,13.734436034,-5.3942523,-1.8597165,-1.1785889
1377683570047881104,13.771881104,-5.796078,0.049221076,-0.91639
1377683570081511474,13.805511474,-6.7990427,-0.81305134,-2.3435628
1377683570090270018,13.814270018,-8.328538,-1.4045986,-3.8592017
1377683570132262207,13.856262207,-8.554498,-1.806424,-1.2425399
1377683570158080077,13.882080077,-9.901732,-4.193928,2.0562658
1377683570165373778,13.889373778,-6.163796,-4.8984547,0.48093972
1377683570203032470,13.92703247,-2.0144422,-3.4680843,0.43510807
1377683570210417725,13.934417725,1.633962,-3.3007455,0.6525416
1377683570241026855,13.965026855,3.0398185,-2.003606,0.58965635
1377683570252867674,13.976867674,3.7326207,0.55763155,0.35836694
1377683570279906250,14.00390625,4.6972156,2.5379806,-5.326322E-7
1377683570290434815,14.014434815,5.3537784,3.5974355,-1.1093086
1377683570320525146,14.044525146,5.4880757,3.2989976,-1.8255596
1377683570333647703,14.057647703,6.0060787,1.8441125,-2.2476366
1377683570360594726,14.084594726,5.2706423,1.7130128,-0.6414005
1377683570370818115,14.094818115,4.1898704,1.5627277,-0.3653452
1377683570399962402,14.123962402,-3.7176707,3.4642043,-0.5369471
1377683570421385741,14.145385741,-2.216954,5.907132,0.26350594
1377683570430541015,14.154541015,2.3288963,3.55267,-2.7379274
1377683570459563233,14.183563233,7.26165,-2.436341,-2.9564266
1377683570470793701,14.194793701,4.9285045,5.490385,1.4231509
1377683570500761962,14.224761962,4.614079,5.0118184,4.070722
1377683570521269775,14.245269775,5.6415586,3.2435734,5.2516837
1377683570530974365,14.254974365,4.073693,-1.8490578,5.3582687
1377683570571196533,14.295196533,3.6942503,0.9626544,-0.09888264
1377683570601866698,14.325866698,1.7448107,-0.81411767,2.5401616
1377683570610259032,14.334259032,0.3112423,1.9016683,1.408229
1377683570653136231,14.377136231,-0.02556608,1.6373376,-1.3576516
1377683570680418944,14.404418944,-1.3674715,-1.3736886,-1.8010453
1377683570690367675,14.414367675,-2.8031712,0.32421032,-0.8535048
1377683570732604004,14.456604004,-4.397683,-3.4393058,-0.5017739
1377683570761839842,14.485839842,-6.4196005,-1.4376396,-0.02853657
1377683570770689940,14.49468994,-6.2831717,1.1470467,0.17717238
1377683570802458740,14.52645874,-5.581842,0.43292692,0.4852029
1377683570810423829,14.534423829,-6.901365,1.0958858,-1.5676242
1377683570841643309,14.565643309,-8.3264065,-1.1498603,-2.7624419
1377683570850340819,14.574340819,-8.7900505,-1.7041022,-0.9686165
1377683570879881836,14.603881836,-8.795381,-2.7667546,0.34131312
1377683570890379883,14.614379883,-8.47669,-4.024458,2.0701218
1377683570920104003,14.644104003,-4.6907916,-3.2890213,-0.56252754
1377683570940947509,14.664947509,-1.8385769,-2.6313918,-0.4431524
1377683570950255371,14.674255371,1.4271872,-3.3497744,0.47987393
1377683570980437256,14.704437256,3.601521,-1.8309382,0.9765599
1377683570990385986,14.714385986,5.5189853,0.2144276,0.7537971
1377683571021819091,14.745819091,6.094544,2.465503,0.3732889
1377683571030302978,14.754302978,5.7396164,3.4588752,-0.9046652
1377683571062956786,14.786956786,5.698048,2.6157877,-1.8980378
1377683571070891356,14.794891356,6.456933,0.48835105,-2.7368615
1377683571100554443,14.824554443,3.986293,3.3842654,-2.3062582
1377683571110228515,14.834228515,1.5422992,1.4476161,-0.6435321
1377683571144103027,14.868103027,-3.5364761,0.36258087,-0.61368847
1377683571150389648,14.874389648,4.2484922,13.873296,-2.5887084
1377683571179717041,14.903717041,-1.86096,-21.845469,-0.62114954
1377683571190428711,14.914428711,9.448774,11.226789,-0.74798554
1377683571222502684,14.946502684,2.919377,5.8058767,0.62056583
1377683571230437254,14.954437254,3.9276714,3.551604,1.940088
1377683571274199463,14.998199463,4.412633,1.3293067,4.724088
1377683571300169922,15.024169922,5.1267524,3.9832733,-1.1999056
1377683571310301757,15.034301757,3.2348688,-0.2843899,-1.0293698
1377683571352843260,15.07684326,0.10126989,2.181987,1.5808969
1377683571381712891,15.105712891,-0.4305892,3.310722,0.9978766
1377683571390349366,15.114349366,-0.3858236,1.1097419,-0.28860384
1377683571419341063,15.143341063,-1.1361821,-1.1264117,-0.48685247
1377683571430357909,15.154357909,-2.8383443,-5.326322E-7,-0.25556278
1377683571459105469,15.183105469,-2.463165,-2.6846843,-0.19907263
1377683571482970214,15.206970214,-3.3680716,-3.1877651,-0.2779456
1377683571491789794,15.215789794,-5.1821485,-1.6881144,0.2443208
1377683571524382567,15.248382567,-6.4398518,-0.37605327,0.39993516
1377683571540953613,15.264953613,-5.4965744,-1.1637164,-0.8076734
1377683571554259277,15.278259277,-5.9474287,-1.7829752,-2.2966654
1377683571579710936,15.303710936,-8.526786,-2.7187915,-2.4970453
1377683571586760496,15.310760496,-7.810535,-0.028586105,-0.28007746
1377683571619414307,15.343414307,-7.425763,-2.153891,0.017294835
1377683571630370118,15.354370118,-6.9056277,-3.8731072,1.1417667
1377683571667876220,15.39187622,-2.5175235,-3.205885,-0.13192421
1377683571699828125,15.423828125,-5.326322E-7,-3.944519,0.08977276
1377683571722594238,15.446594238,1.7618643,-2.876537,0.12068221
1377683571730406737,15.454406737,2.9502866,-0.15222469,-5.326322E-7
1377683571774718261,15.498718261,5.423059,5.541546,-1.3896273
1377683571800108887,15.524108887,5.8003697,4.9244184,-1.9481324
1377683571810423827,15.534423827,5.939996,2.8385506,-1.6806041
1377683571842589355,15.566589355,5.811028,2.3844984,-1.4642366
1377683571850493408,15.574493408,1.4485042,1.101215,-0.4133085
1377683571879851318,15.603851318,-3.721934,-2.9298296,-1.5249902
1377683571900511717,15.624511717,2.3502133,9.770839,-1.9364084
1377683571922362304,15.646362304,-1.2043962,-1.6465465,-0.2182583
1377683571929900146,15.653900146,3.4288535,2.9888353,-0.5017739
1377683571970000243,15.694000243,3.9255397,4.1676655,1.7130624
1377683572000578857,15.724578857,5.118226,3.2222564,3.2468202
1377683572010436035,15.734436035,6.375929,0.86566186,4.3968725
1377683572054717040,15.77871704,3.9617786,2.884382,-0.060512345
1377683572084685302,15.808685302,2.4514694,0.6652824,1.1939931
1377683572091032959,15.815032959,0.97313505,0.31141993,1.6928109
1377683572119597412,15.843597412,0.04797738,1.805742,0.97762567
1377683572130553222,15.854553222,-0.21102409,0.58854103,-0.09142179
1377683572160857177,15.884857177,-1.6520531,0.43505853,-0.40264997
1377683572170470215,15.894470215,-2.562289,-0.7757469,-5.326322E-7
1377683572200041748,15.924041748,-2.3182096,-3.4638205,-0.7820929
1377683572210509277,15.934509277,-4.9455295,-2.3990364,-0.92385083
1377683572257445312,15.981445312,-5.555196,0.020443223,0.111089505
1377683572282042480,16.00604248,-5.7236004,1.170495,-0.23531131
1377683572291045165,16.015045165,-6.7883844,-4.26534,-1.2958324
1377683572321837401,16.045837401,-8.146277,-1.4333764,-2.5812473
1377683572330443358,16.054443358,-7.8616953,-0.97719264,-0.63820314
1377683572361540771,16.085540771,-7.3948526,-1.8810333,0.45109555
1377683572370573975,16.094573975,-5.532813,-0.90897816,0.6813194
1377683572412413573,16.136413573,-1.8865404,-3.7281516,-0.058380753
1377683572440978025,16.164978025,0.3517447,-3.9455848,0.4756102
1377683572465117430,16.18911743,2.188204,-2.6633675,0.6706609
1377683572470580077,16.194580077,3.2775028,-0.17993675,0.46495196
1377683572505125976,16.229125976,4.4883084,1.8579682,0.49266404
1377683572510405518,16.234405518,5.3761616,3.46527,-0.29926288
1377683572541808104,16.265808104,5.64369,3.12633,-0.88441426
1377683572550536131,16.274536131,6.0604377,2.0135825,-1.4578415
1377683572594481444,16.318481444,3.0675306,0.2826421,0.03434865
1377683572620085693,16.344085693,-3.138914,-0.5284697,-0.6094247
1377683572645354248,16.369354248,0.0756897,2.0785995,-1.6944605
1377683572650633789,16.374633789,2.8447678,9.010887,-1.3960221
1377683572680846189,16.404846189,-2.450375,-7.9894195,1.6523088
1377683572690489743,16.414489743,7.6315002,4.2657237,-2.915924
1377683572725218748,16.449218748,2.920443,2.8385506,-0.29073596
1377683572730589842,16.454589842,3.8775764,3.507904,0.8785015
1377683572762755371,16.486755371,4.895463,1.2930678,3.2564127
1377683572770445801,16.494445801,3.489607,-3.2133458,3.410961
1377683572800230956,16.524230956,5.281301,0.7345627,-0.8193974
1377683572810332274,16.534332274,3.6164432,1.5222259,-0.5326839
1377683572842070554,16.566070554,2.318238,1.010618,1.6363211
1377683572850584959,16.574584959,0.93583053,1.2813437,1.5798311
1377683572880675292,16.604675292,0.59262687,1.2067342,0.79216766
1377683572913969971,16.637969971,-0.34851885,0.7548136,-0.42609885
1377683572940520262,16.664520262,-1.7927455,0.52459,-0.8151339
1377683572961333250,16.68533325,-2.1817808,-2.0622275,-1.0027236
1377683572969969725,16.693969725,-3.4149694,-1.9769598,-0.6563225
1377683572999876953,16.723876953,-4.844274,-2.2487514,-0.624347
1377683573021025635,16.745025635,-4.8773155,-1.4546932,-0.22785074
1377683573029936768,16.753936768,-4.4275265,-0.077615164,0.18250138
1377683573062163328,16.786163328,-6.2053647,-0.6862154,-0.5913054
1377683573069823240,16.79382324,-6.986633,-3.6652663,-1.1988398
1377683573098540282,16.822540282,-7.91712,-1.0454068,-2.6675813
1377683573122984862,16.846984862,-7.5568624,-1.1210822,-0.7266683
1377683573129851318,16.853851318,-7.369272,-0.26307318,-0.2790114
1377683573159941650,16.88394165,-5.574381,-2.0771499,-0.38133323
1377683573169768310,16.89376831,-4.4648314,-6.09647,-0.060512345
1377683573198637937,16.922637937,-2.3054194,-4.9698668,0.3189306
1377683573225218748,16.949218748,0.1236527,-4.1299767,0.5619443
1377683573230040526,16.954040526,2.0944095,-2.296715,0.46921515
1377683573262480712,16.986480712,3.4245903,-0.5572476,0.32212797
1377683573270476318,16.994476318,3.8669178,0.5512363,0.07058735
1377683573298735594,17.022735594,4.2325044,2.0338337,-0.24383824
1377683573322997068,17.046997068,4.6790957,1.620284,-1.1434157
1377683573329863524,17.053863524,5.2482595,1.1939439,-1.7253699
1377683573361418700,17.0854187,5.7747893,1.8206637,-2.0206103
1377683573370055176,17.094055176,3.1879714,4.0056562,-1.0986501
1377683573399382568,17.123382568,-2.7424176,-0.81198555,-0.37706953
1377683573409941650,17.13394165,-4.168525,-1.3161329,-1.134889
1377683573438506101,17.162506101,1.4261215,7.1648355,-0.05944655
1377683573449828123,17.173828123,-0.8995631,-6.3288255,-0.17136057
1377683573481017089,17.205017089,2.3075795,4.332872,-0.2214557
1377683573489836669,17.213836669,3.5503607,4.335004,-1.6774067
1377683573518614746,17.242614746,5.2066913,3.7114818,-1.0112503
1377683573529875731,17.253875731,6.02633,5.6737113,0.5097176
1377683573558531736,17.282531736,6.86622,4.34886,3.687016
1377683573569823241,17.293823241,4.0502443,-3.3806844,4.5375648
1377683573600523925,17.324523925,5.328198,-2.565309,-0.53055227
1377683573610167480,17.33416748,6.138244,7.373742,-0.88654584
1377683573642516113,17.366516113,3.5567555,-0.5284697,1.4529946
1377683573650084472,17.374084472,1.3195364,0.13981809,2.097834
1377683573678648923,17.402648923,0.82604784,3.2851415,0.48307133
1377683573687590573,17.411590573,-5.326322E-7,5.0747037,0.995745
1377683573719054198,17.443054198,-0.8825095,4.3467283,1.4231509
1377683573740202881,17.464202881,-1.2960596,2.9749792,1.4188877
1377683573771971678,17.495971678,-1.3632079,-1.9162065,-0.7330636
1377683573799742674,17.523742674,-2.0954468,-2.4139585,-1.4663682
1377683573810393309,17.534393309,-3.281738,-1.875704,-1.3384664
1377683573841704345,17.565704345,-4.0715327,-1.031551,-2.840249
1377683573850371338,17.574371338,-5.5637226,-2.6750915,-3.3806348
1377683573880064941,17.604064941,-7.4151044,-0.70859843,-2.3989873
1377683573890410400,17.6144104,-7.5515327,1.6618519,-1.3160833
1377683573921324704,17.645324704,-5.3164463,5.538348,-4.4507484
1377683573930296873,17.654296873,-6.0817256,0.81556726,-5.3993545
1377683573963988280,17.68798828,-7.3788652,-4.3271594,-2.5343502
1377683573970427490,17.69442749,-5.657518,-4.9624057,0.44683236
1377683574006041503,17.730041503,-3.1367824,-3.7953,0.99148184
1377683574010344481,17.734344481,-0.12149261,-2.0259888,0.28695482
1377683574041167234,17.765167234,2.074158,-0.60521084,0.15159193
1377683574050444578,17.774444578,3.4928045,1.620284,0.16864574
1377683574094542480,17.81854248,5.2685103,4.233748,-0.9121263
1377683574120390868,17.844390868,5.0915794,3.55267,-1.289437
1377683574130309080,17.85430908,4.6076837,3.3480268,-0.8279243
1377683574172911620,17.89691162,-3.239104,0.4585074,-0.28753805
1377683574199858643,17.923858643,-1.0924822,0.63117504,-1.511134
1377683574210356690,17.93435669,1.3483143,6.037166,-1.2404083
1377683574252226805,17.976226805,0.64059013,0.20483491,-0.7820929
1377683574281737303,18.005737303,3.5354385,2.2416742,0.10682631
1377683574290312742,18.014312742,3.6473525,5.0960207,1.3954389
1377683574319640136,18.043640136,6.6402593,5.45841,1.2835244
1377683574330382324,18.054382324,7.6336317,1.4081798,0.6258953
1377683574362700438,18.086700438,2.1157262,1.3218457,3.1754081
1377683574370299315,18.094299315,5.181111,2.6168535,0.6184342
1377683574400633788,18.124633788,2.3001184,2.6189854,-0.29180175
1377683574410399413,18.134399413,-5.326322E-7,-2.2338295,2.4943302
1377683574454497314,18.178497314,-0.47855246,4.119702,0.1856993
1377683574480742432,18.204742432,-1.0477164,1.6746423,-1.1252964
1377683574490385986,18.214385986,-2.0997105,1.2738826,-1.8244939
1377683574519377684,18.243377684,-3.1314533,-1.0272872,-1.6454312
1377683574530333493,18.254333493,-3.3510184,-2.1304424,-1.5761511
1377683574559294676,18.283294676,-4.6151166,-1.1093581,-1.1487452
1377683574570281005,18.294281005,-5.601027,-0.6222644,-0.6296762
1377683574599883057,18.323883057,-4.871986,-0.74483716,-2.0994833
1377683574610716797,18.334716797,-6.1318207,1.5446084,-2.1890144
1377683574641631103,18.365631103,-8.672807,0.43292692,-1.1903132
1377683574649931884,18.373931884,-7.867025,-1.5634098,-5.326322E-7
1377683574679198240,18.40319824,-8.74635,-3.4403715,1.493497
1377683574690428709,18.414428709,-7.079362,-5.1745105,1.9709978
1377683574720000244,18.444000244,-3.0664363,-2.3105707,1.6714939
1377683574730467773,18.454467773,0.46046135,-1.9012845,1.9571419
1377683574765440918,18.489440918,2.877809,-0.22470263,1.4402045
1377683574794707273,18.518707273,4.084351,2.8886454,0.26030856
1377683574821898436,18.545898436,4.3124433,2.9131598,-0.6328736
1377683574830473876,18.554473876,4.3945136,1.897405,-1.2958324
1377683574871489502,18.595489502,3.1666546,1.8153347,-1.5868094
1377683574902861571,18.626861571,-2.4269261,2.2693863,-1.0378965
1377683574910582518,18.634582518,-0.78231955,8.878722,0.6578706
1377683574947356198,18.671356198,2.7818828,9.77297,-2.2124634
1377683574951628660,18.67562866,4.8581586,-17.533041,-2.0834954
1377683574980833984,18.704833984,7.4012766,11.786361,2.233197
1377683574990447021,18.714447021,6.1521,12.022979,3.3512738
1377683575025664307,18.749664307,4.30818,2.8289578,4.0771174
1377683575054411864,18.778411864,3.4011414,-1.5367635,1.0149301
1377683575079955076,18.803955076,3.9127493,3.203071,-0.6008981
1377683575090453123,18.814453123,2.5335398,-2.225303,2.3035433
1377683575119841552,18.843841552,0.40716884,1.1662318,1.9241003
1377683575140654541,18.864654541,0.5766391,3.330973,0.8880942
1377683575150420167,18.874420167,-0.41353565,2.8822503,-0.21186298
1377683575180785155,18.904785155,-0.97950184,-0.40163344,-1.2329472
1377683575190398191,18.914398191,-3.4778543,1.4156408,-1.2883713
1377683575219817137,18.943817137,-2.8617933,-0.6712937,-0.41544035
1377683575230620360,18.95462036,-2.8234227,-3.3870797,-0.5049718
1377683575265257812,18.989257812,-6.49421,-2.5120165,0.062060706
1377683575293700195,19.017700195,-5.2802067,-5.326322E-7,0.32212797
1377683575319792723,19.043792723,-6.152072,0.25066683,-1.9364084
1377683575342375730,19.06637573,-7.3330336,-1.2106136,-3.9593914
1377683575350462889,19.074462889,-8.498008,-2.0920718,-1.4386561
1377683575383147216,19.107147216,-8.653622,-2.424617,-0.22998233
1377683575390410400,19.1144104,-6.528317,-1.5719367,0.5651417
1377683575421141602,19.145141602,-5.700151,-5.607245,-0.17136057
1377683575430388428,19.154388428,-3.4885128,-5.0999002,-0.18095301
1377683575459715819,19.183715819,-1.1670915,-4.5818973,-0.17562403
1377683575470519041,19.194519041,1.2417293,-2.9692662,-0.22358729
1377683575522673582,19.246673582,3.8210864,0.98930067,-0.022141788
1377683575530425048,19.254425048,5.0073776,2.7564802,-0.14791197
1377683575564269043,19.288269043,5.9218764,4.107978,-0.5049718
1377683575570616700,19.2946167,5.671402,4.3435307,-0.48898408
1377683575624266600,19.3482666,4.6130133,1.5115674,-0.6115569
1377683575630370116,19.354370116,1.3131413,-1.0454068,0.099365205
1377683575665434814,19.389434814,-5.326322E-7,1.7076839,-3.0853944
1377683575692503905,19.416503905,-5.1832147,-2.2626078,2.943053
1377683575722807859,19.446807859,4.037454,-0.5721698,-0.7852903
1377683575730437254,19.454437254,7.4982686,0.6247797,-1.8415474
1377683575771605469,19.495605469,5.1587286,3.0282717,4.877571
1377683575804991698,19.528991698,1.5327065,-4.9847884,6.1779075
1377683575810362791,19.534362791,5.9900913,0.42333448,-0.02853657
1377683575839690184,19.563690184,3.7347524,1.1854169,-0.57212025
1377683575850523925,19.574523925,2.6742318,-0.3163657,1.4561923
1377683575904082275,19.628082275,0.47431725,1.7641737,1.196125
1377683575911162354,19.635162354,0.15349662,0.6471628,0.21767454
1377683575939940429,19.663940429,-0.35917735,-0.46771634,-0.8481753
1377683575950468993,19.674468993,-1.6158141,-1.1573211,-1.1796547
1377683576004088378,19.728088378,-3.031263,-2.2722003,-0.42609885
1377683576010375000,19.734375,-4.9124885,-2.5503871,-0.15110935
1377683576047087645,19.771087645,-6.737223,-2.254081,0.10789211
1377683576074706053,19.798706053,-5.9879313,-0.11705179,-0.9622214
1377683576103026366,19.827026366,-6.6988525,-1.9162065,-2.42137
1377683576110381103,19.834381103,-8.16866,-0.10852488,-1.6901968
1377683576145567872,19.869567872,-7.483319,-0.93349254,-0.34509426
1377683576175108885,19.899108885,-5.9847336,-4.8675447,0.10576052
1377683576200163816,19.924163816,-3.764568,-4.494498,0.28269136
1377683576232207274,19.956207274,1.1447369,-3.0993,0.13880156
1377683576260680176,19.984680176,2.1722164,-1.2212721,0.063126504
1377683576270445801,19.994445801,2.987592,-0.02432265,-0.18308513
1377683576299742675,20.023742675,4.047046,1.9080633,-0.5198935
1377683576310484861,20.034484861,5.135279,3.048523,-1.0826623
1377683576340361572,20.064361572,5.655414,3.5729208,-1.3224787
1377683576360655762,20.084655762,6.17022,3.7296011,-1.0720038
1377683576370451905,20.094451905,5.294091,3.4620726,-0.4431524
1377683576399596191,20.123596191,-1.794877,-1.4088618,-1.1743257
1377683576410460448,20.134460448,-1.1649599,1.8142684,-1.5942705
1377683576451781247,20.175781247,0.0767555,-5.479343,0.6258953
1377683576491484618,20.215484618,2.6060174,4.4501157,-0.19267784
1377683576533720946,20.257720946,4.951953,0.44358543,4.827476
1377683576571501708,20.295501708,4.990324,3.075169,-0.83645123
1377683576615111328,20.339111328,1.9036223,0.7334969,2.793834
1377683576651549315,20.375549315,0.04477972,0.85926706,0.64614624
1377683576681029295,20.405029295,0.3549421,-0.1831344,-0.7224051
1377683576713561034,20.437561034,-1.7799554,-2.3148346,-0.4463498
1377683576751524903,20.475524903,-3.9468281,-2.4811068,0.116419025
1377683576792387938,20.516387938,-4.5266504,-0.3515386,0.6195
1377683576831999755,20.555999755,-6.79478,-0.57536715,-0.8193974
1377683576871275878,20.595275878,-7.928844,-0.6894131,-1.0581479
1377683576911894774,20.635894774,-5.6234107,-0.47304532,-1.0016577
1377683576951506592,20.675506592,-2.8287516,-4.0404453,0.14413108
1377683576993620848,20.717620848,0.68215835,-2.863747,0.5598122
1377683577035613037,20.759613037,3.7038429,0.4915487,-0.11593646
1377683577072234129,20.796234129,6.493172,4.231616,-1.8937742
1377683577112975098,20.836975098,6.0998735,1.9443023,-1.6230483
1377683577151488280,20.87548828,-5.089419,-1.6433486,-0.84497786
1377683577191924072,20.915924072,-1.7756916,9.687702,-0.23637766
1377683577230986571,20.954986571,4.3731966,-1.6230977,0.8443944
1377683577274291016,20.998291016,4.6364613,4.8935094,1.5542506
1377683577314970946,21.038970946,4.1493683,-2.8893273,3.5026243
1377683577351500488,21.075500488,4.7302566,4.5471077,-0.9131921
1377683577394316649,21.118316649,2.0379193,0.030035663,0.7633898
1377683577431700684,21.155700684,-0.15027046,-1.037946,-0.837517
1377683577472594237,21.196594237,-2.940666,0.45424393,-1.2659887
1377683577510985352,21.234985352,-4.3838267,-3.744139,-0.318448
1377683577551482176,21.275482176,-5.2407703,1.0543172,0.97975725
1377683577594878174,21.318878174,-6.584807,-2.5631773,-1.1508768
1377683577633696532,21.357696532,-6.1232944,1.2365779,-0.8204632
1377683577674223877,21.398223877,-5.517891,-2.5322678,0.34451053
1377683577712340331,21.436340331,-0.5670179,-1.8895602,0.8284069
1377683577751494385,21.475494385,1.9270709,-0.84715873,0.97336245
1377683577791228270,21.51522827,4.057705,2.9845717,0.0673897
1377683577833098389,21.557098389,6.0583053,2.7724679,-2.273217
1377683577875121092,21.599121092,3.7049088,2.080731,-2.5087698
1377683577913664795,21.637664795,-3.0238023,0.21655947,-1.0272382
1377683577951659178,21.675659178,2.1274505,2.69999,-2.8807514
1377683577992461182,21.716461182,5.7630644,3.0666425,0.8241432
1377683578032622313,21.756622313,6.906722,6.0574174,2.2129457
1377683578072539307,21.796539307,2.7840142,-1.2074163,1.2067835
1377683578112669921,21.836669921,2.2105873,1.3037263,0.6376194
1377683578153197266,21.877197266,-0.3762309,1.5733868,0.86038214
1377683578192107176,21.916107176,0.9528841,0.8560694,-1.5814801
1377683578231474854,21.955474854,-1.448476,-1.969499,-0.9131921
1377683578275298094,21.999298094,-5.8078027,-1.5516855,-0.25876018
1377683578308806397,22.032806397,-4.7430186,0.5096683,0.11002371
1377683578320555664,22.044555664,-4.894369,0.20270331,-1.1391525
1377683578353545165,22.077545165,-7.810535,0.682336,-1.1082428
1377683578388579346,22.112579346,-8.254994,-0.9899827,-1.149811
1377683578399840332,22.123840332,-7.336231,0.7143112,-0.030668696
1377683578429320311,22.153320311,-7.8584976,-2.0377135,1.1545568
1377683578440733886,22.164733886,-6.194706,-5.643483,1.6064774
1377683578468993164,22.192993164,-2.8308833,-2.936225,1.2995124
1377683578498961424,22.222961424,2.4120324,-1.2457868,1.2366271
1377683578534209228,22.258209228,4.340155,2.0817966,0.4777418
1377683578568724609,22.292724609,4.717466,2.6871996,-0.5689229
1377683578596129393,22.320129393,5.327132,1.0074201,-1.9587909
1377683578630522705,22.354522705,3.1112304,2.111641,-1.5793486
1377683578640135742,22.364135742,0.16095746,2.861999,-0.25982597
1377683578668547606,22.392547606,-2.5878696,3.9960637,-0.92065316
1377683578688963867,22.412963867,-2.9204147,4.0610805,1.0660911
1377683578712828613,22.436828613,5.797172,1.2227217,-1.1061112
1377683578748808837,22.472808837,4.614079,7.7606454,1.1183178
1377683578760100341,22.484100341,5.7396164,6.260995,2.6339567
1377683578789336182,22.513336182,5.0425506,-1.9279305,4.2114143
1377683578800597168,22.524597168,3.127218,-1.4451007,3.765889
1377683578829283690,22.55328369,4.2879286,0.73989165,0.7132949
1377683578854948974,22.578948974,2.0059438,-0.52207464,2.4527621
1377683578894225096,22.618225096,-0.112965964,1.3015947,0.741007
1377683578928679443,22.652679443,-0.2547239,2.954728,-0.64673
1377683578932188964,22.656188964,-0.30055532,1.4742624,-1.2425399
1377683578968810058,22.692810058,-2.0677347,-1.5730028,-0.11593646
1377683578972807860,22.69680786,-2.5399065,-1.6039122,-0.19161205
1377683579002684569,22.726684569,-3.7624364,-1.7797778,-0.50816923
1377683579029143311,22.753143311,-4.602326,-0.8482245,-0.29180175
1377683579040801025,22.764801025,-5.8898726,-0.4176212,0.2560451
1377683579070036864,22.794036864,-6.1168985,-1.4163226,0.2986791
1377683579080229736,22.804229736,-6.784121,-1.189297,-1.866062
1377683579137022948,22.861022948,-7.353285,-1.9876183,-1.0794649
1377683579173888183,22.897888183,-5.226914,-4.934694,-0.29606494
1377683579213255858,22.937255858,-2.4162676,-3.923202,-0.04665592
1377683579220427489,22.944427489,0.34854707,-3.2442555,0.22513565
1377683579249876953,22.973876953,2.1498337,-1.775514,0.4265814
1377683579273558594,22.997558594,4.689754,2.3461277,-0.087158605
1377683579309508300,23.0335083,5.701246,3.7871568,-0.5977007
1377683579320372558,23.044372558,6.2981215,3.4471507,-1.0730696
1377683579349913575,23.073913575,6.361007,2.051953,-0.7703681
1377683579360442138,23.084442138,5.7129707,1.561662,-0.9664846
1377683579393065428,23.117065428,-3.004617,1.1001492,-1.158338
1377683579429625489,23.153625489,-1.3493521,11.168168,0.04927008
1377683579440855957,23.164855957,-1.1489722,5.038464,-1.7477528
1377683579469511962,23.193511962,4.1696196,-8.742975,-2.995863
1377683579480742431,23.204742431,6.584835,2.174526,-1.1327574
1377683579509489991,23.233489991,5.306881,5.6566577,1.5297359
1377683579520476318,23.244476318,5.6745996,5.3401003,4.8647804
1377683579549803710,23.27380371,0.74610907,-4.4699826,5.601283
1377683579560332275,23.284332275,5.621307,-1.7009048,-0.20120448
1377683579592528321,23.316528321,5.0212336,3.4812582,-0.4538109
1377683579600401855,23.324401855,3.5546238,-1.3193302,1.7780789
1377683579629668212,23.353668212,0.83350897,0.8208962,2.304609
1377683579640807128,23.364807128,0.09380905,1.0969515,0.9104773
1377683579672484375,23.396484375,-0.5297134,0.9829054,-0.48365456
1377683579680449463,23.404449463,-0.038356446,0.7025869,-1.2873055
1377683579710173583,23.434173583,-2.8202248,-0.19272684,-0.852439
1377683579733427978,23.457427978,-3.463998,-2.3596,-0.38346484
1377683579774229979,23.498229979,-4.4914775,-0.4165554,-0.09142179
1377683579809325195,23.533325195,-4.9231467,-0.58495986,0.17290893
1377683579823454834,23.547454834,-5.1821485,1.0084858,0.123879865
1377683579849913573,23.573913573,-6.760672,-2.261542,-1.6795382
1377683579860320067,23.584320067,-7.867025,-1.1306748,-2.6206837
1377683579889677978,23.613677978,-7.7273984,-2.1911957,-1.2915692
1377683579901061035,23.625061035,-7.2637534,-1.3875448,0.31146947
1377683579933531737,23.657531737,-4.492543,-5.180905,-0.6765737
1377683579970641113,23.694641113,-2.4407823,-4.249352,-0.79701436
1377683579980467773,23.704467773,0.20892073,-3.2719676,0.07804846
1377683580010344482,23.734344482,2.1359775,-1.4600227,0.32106218
1377683580034758544,23.758758544,4.3241673,1.2429732,-0.027470773
1377683580069395997,23.793395997,5.081987,3.1295276,-0.057314955
1377683580080290771,23.804290771,5.7673287,2.4729638,-0.5358813
1377683580109526610,23.83352661,6.2885284,0.2826421,-0.9227848
1377683580130400634,23.854400634,6.2395,1.7183421,-1.1157036
1377683580140044190,23.86404419,-3.1868773,1.5328841,-0.8044754
1377683580169859862,23.893859862,-3.7251315,-2.5343993,0.20062098
1377683580180083251,23.904083251,-5.2397046,0.7366943,3.5740361
1377683580208830810,23.93283081,0.739714,-1.9705647,-0.6350052
1377683580213072753,23.937072753,3.4523022,5.2889395,-3.827226
1377683580247679687,23.971679687,6.770293,4.884982,-3.6780071
1377683580271819091,23.995819091,5.9442596,5.307059,-0.8929411
1377683580280394531,24.004394531,6.253356,9.488388,2.7032366
1377683580313384033,24.037384033,1.4676896,-10.0156,1.9720635
1377683580349272704,24.073272704,4.171751,-0.118117586,0.21447715
1377683580355345702,24.079345702,3.8114939,3.7701032,0.16118462
1377683580389555909,24.113555909,2.7872117,3.145515,0.49372983
1377683580400511719,24.124511719,1.7970372,2.4058154,1.138569
1377683580433470702,24.157470702,1.2161487,-0.20978066,0.99148184
1377683580469786622,24.193786622,0.5158855,1.5595304,0.7676532
1377683580480498291,24.204498291,-0.49240863,2.381301,-0.1361874
1377683580510222411,24.234222411,-0.7897807,0.5256558,-0.5028397
1377683580541106201,24.265106201,-2.4770212,-1.3321207,-1.0389622
1377683580569701171,24.293701171,-2.9641144,-0.040310405,-1.1753914
1377683580580443358,24.304443358,-2.8873734,0.9829054,-1.9992933
1377683580610228515,24.334228515,-3.8562312,-2.5674407,-2.3819337
1377683580620970703,24.344970703,-4.466963,-0.020059463,-2.265756
1377683580649352050,24.37335205,-4.8773155,-0.90151703,-0.88867795
1377683580660765624,24.384765624,-2.9364026,-5.1361394,-3.1578724
1377683580693510986,24.417510986,-4.947661,-1.6721269,-0.5795811
1377683580733092284,24.457092284,-3.6260073,-2.6345892,-0.43888894
1377683580740385985,24.464385985,-2.2553244,-3.773983,-0.030668696
1377683580769713379,24.493713379,-0.9176824,-1.606044,0.81561655
1377683580780333496,24.504333496,0.09167746,-0.28119254,1.4391387
1377683580810027099,24.534027099,1.1937662,-0.19912216,1.1257789
1377683580820372557,24.544372557,2.1018705,-0.73631054,1.082079
1377683580849944092,24.573944092,2.7477756,-0.18100254,0.73248035
1377683580860808350,24.58480835,2.3203697,-0.2747972,0.3338523
1377683580890593505,24.614593505,2.2713406,-1.0198267,0.7005046
1377683580900389647,24.624389647,1.9526513,-1.2532476,0.59924906
1377683580929869629,24.653869629,-0.36770424,-1.4877347,-0.3131185
1377683580951140381,24.675140381,-5.753444,-3.061995,-0.81087077
1377683580960814453,24.684814453,0.28566185,2.8257604,-0.9313114
1377683580991240477,24.715240477,-3.1175969,0.7782625,-0.8289901
1377683581000487304,24.724487304,-1.0882185,3.600633,-2.5151649
1377683581031767823,24.755767823,3.3158734,-1.6582705,-1.9097621
1377683581044493652,24.768493652,2.5196834,0.86139864,-0.6552564
1377683581069792724,24.793792724,2.0869484,4.9233527,0.36049855
1377683581080412841,24.804412841,4.63433,4.801846,2.637154
1377683581110106446,24.834106446,5.591463,8.061215,2.5923884
1377683581131346679,24.855346679,5.8589916,0.9775764,2.7831755
1377683581140288329,24.864288329,2.5964246,-5.6541424,1.8313714
1377683581169768310,24.89376831,2.4706545,-2.3190978,0.27736238
1377683581180388428,24.904388428,3.9500542,2.5209272,-1.048555
1377683581214323974,24.938323974,3.4917388,1.4497479,-1.0165797
1377683581251158691,24.975158691,2.3278306,1.5893741,0.83799934
1377683581260863281,24.984863281,1.1767124,0.7558794,1.4306121
1377683581289488769,25.013488769,-5.326322E-7,2.3333375,1.4327437
1377683581310545897,25.034545897,-0.86865366,2.3045595,0.6077757
1377683581320311523,25.044311523,-2.2340076,1.584045,0.69943875
1377683581353148438,25.077148438,-2.7690637,-0.12451237,0.78577286
1377683581360869385,25.084869385,-2.9182832,-0.37605327,0.35730115
1377683581391783690,25.11578369,-3.2486966,1.9155244,-0.7511829
1377683581401091552,25.125091552,-3.1314533,-2.713462,-1.462105
1377683581433257080,25.15725708,-2.9566534,-0.6105401,-2.6398695
1377683581440428711,25.164428711,-3.5140932,0.9701153,-2.372341
1377683581469725585,25.193725585,-3.693156,0.4744954,-1.7029871
1377683581480315185,25.204315185,-3.6899586,-1.074185,-0.5902396
1377683581513030030,25.23703003,-1.6072875,-6.6304603,-0.88654584
1377683581520415283,25.244415283,-2.7179034,-0.9462826,-2.7112813
1377683581551848388,25.275848388,-2.925744,-0.3195631,-2.265756
1377683581560790038,25.284790038,-2.4247947,-1.0549998,-1.0922548
1377683581592192627,25.316192627,-1.8311163,-1.8000287,-0.5209593
1377683581600493408,25.324493408,-1.3301665,-2.3617318,-5.326322E-7
1377683581631712890,25.35571289,-0.58940095,-2.3190978,0.72288764
1377683581640257812,25.364257812,0.633129,-0.89831966,1.0309181
1377683581669768311,25.393768311,0.9571473,-1.0784482,0.79216766
1377683581680418945,25.404418945,1.571077,-2.1997225,0.44789815
1377683581709929442,25.433929442,2.5282102,-3.5831957,0.050335877
1377683581731505371,25.455505371,2.5452638,-3.1078265,-0.36747682
1377683581740355469,25.464355469,-1.6232753,1.7769636,-0.19374363
1377683581769774413,25.493774413,-3.3542156,-3.8166173,-0.04665592
1377683581780425047,25.504425047,-2.5079308,-0.5242062,-0.06903899
1377683581810423828,25.534423828,-2.2393365,-1.2692357,-0.4133085
1377683581820525147,25.544525147,0.18334053,0.1355549,-0.79061955
1377683581853392577,25.577392577,-1.1553671,0.7921184,0.5097176
1377683581860838866,25.584838866,0.19399877,0.50860226,0.3871448
1377683581891936279,25.615936279,1.4506361,-0.5487209,-0.93450934
1377683581903960205,25.627960205,2.7829485,2.494281,-0.23637766
1377683581932311034,25.656311034,3.4288535,4.363782,-0.5859764
1377683581934996581,25.658996581,3.8434691,3.5910406,-0.19907263
1377683581970274902,25.694274902,3.857325,3.1135397,0.3850132
1377683581982359863,25.706359863,3.8594568,2.5219932,1.2408906
1377683582010771728,25.734771728,3.2103543,0.8422135,1.5308018
1377683582020323729,25.744323729,2.4482715,-3.6865833,0.17077734
1377683582049651123,25.773651123,2.829846,-1.6625342,-0.56998867
1377683582060790039,25.784790039,3.2775028,2.4452517,-0.6744421
1377683582091856933,25.815856933,2.7616313,3.4716654,-0.48578668
1377683582100432372,25.824432372,2.2020602,2.69999,-0.07969749
1377683582129515625,25.853515625,1.6616743,1.9816071,0.27309865
1377683582140288330,25.86428833,1.3227338,1.0202104,0.4788076
1377683582170378661,25.894378661,1.6478184,0.62051654,0.57793176
1377683582180327391,25.904327391,1.8503298,1.0234078,0.5065202
1377683582212950683,25.936950683,1.5923944,1.0148811,0.243255
1377683582220396973,25.944396973,1.3504459,1.0607126,0.31360108
1377683582251677489,25.975677489,0.9486209,1.3463603,0.33704993
1377683582260741210,25.98474121,0.3027154,1.0905567,0.39886883
1377683582293181396,26.017181396,-0.29629213,1.4124434,0.22300406
1377683582300475098,26.024475098,-0.93367046,0.5618948,-0.15430675
1377683582330168700,26.0541687,-1.7085435,0.190979,-0.15537308
1377683582340331053,26.064331053,-3.175153,0.6578213,0.6269611
1377683582369902588,26.093902588,-3.8690214,1.6853008,0.20595023
1377683582380400635,26.104400635,-3.2860012,-5.326322E-7,-1.0986501
1377683582410063720,26.13406372,-2.656084,-0.92283434,-2.0440593
1377683582431517577,26.155517577,-3.6942217,-0.6755569,-1.8010453
1377683582440367675,26.164367675,-3.6292052,-2.3862464,-1.0645428
1377683582469786622,26.193786622,-1.9078572,-4.199257,-0.5870422
1377683582480498291,26.204498291,-3.0387244,-1.7136949,-0.99526274
1377683582510161376,26.234161376,-3.1239922,-0.29291683,-0.6787053
1377683582520323730,26.24432373,-2.776525,-0.043507796,-0.5913054
1377683582552428223,26.276428223,-2.442914,-0.56470865,-0.69149566
1377683582560881592,26.284881592,-2.8990977,-3.2293336,-1.0634769
1377683582589537596,26.313537596,-3.0589752,-2.723055,-0.64886165
1377683582611510252,26.335510252,-2.812764,-1.7488678,-0.27048448
1377683582620299315,26.344299315,-1.9270426,-1.7488678,-0.20653346
1377683582649413085,26.373413085,-0.9752387,-1.6646658,-0.19480944
1377683582660887695,26.384887695,-0.08418785,-1.335318,-0.19480944
1377683582690978027,26.414978027,0.9145135,-0.8674102,-0.29606494
1377683582700743651,26.424743651,1.9451904,-0.4826383,-0.4463498
1377683582728667234,26.452667234,2.7008781,-0.47837484,-0.6328736
1377683582739867185,26.463867185,1.8450005,-0.75656146,-0.36960894
1377683582769377684,26.493377684,-0.7737929,-2.4789753,1.074618
1377683582791838623,26.515838623,-2.0901175,-2.8498907,0.1984894
1377683582800627685,26.524627685,-1.9867301,0.18991321,-5.326322E-7
1377683582831664060,26.55566406,-1.8694869,-0.5732356,-0.07436798
1377683582839934324,26.563934324,-5.326322E-7,-2.9170394,-5.326322E-7
1377683582872099852,26.596099852,2.8586237,2.032768,-0.28114325
1377683582890440917,26.614440917,2.0325902,2.7831264,-0.21506038
1377683582900359131,26.624359131,1.0008471,-0.06908826,0.9818891
1377683582933196045,26.657196045,0.91984254,1.8004125,-0.04772225
1377683582939909911,26.663909911,2.5068934,0.9061645,-1.0368307
1377683582973052000,26.697052,3.4480388,2.2256868,-1.1892474
1377683582979887938,26.703887938,3.6313653,1.9059317,-0.98886764
1377683583011717773,26.735717773,2.808529,2.855604,0.5193103
1377683583023406006,26.747406006,2.560186,3.0879593,1.7887374
1377683583049040770,26.77304077,2.224443,0.4787586,1.4839044
1377683583059966062,26.783966062,2.6241367,-3.0033736,-0.4079795
1377683583088683104,26.812683104,2.6902194,-1.2329965,-0.8726899
1377683583109221435,26.833221435,2.290526,1.968817,-0.56146175
1377683583135741210,26.85974121,2.0581706,3.2179933,-0.37813532
1377683583170317625,26.894317625,1.7778518,2.2832425,-0.16283366
1377683583179808592,26.903808592,1.2715734,1.3847308,0.17504053
1377683583208861328,26.932861328,1.528443,0.27091777,0.6056441
1377683583219878174,26.943878174,1.5476284,0.3274077,0.6695951
1377683583251646971,26.975646971,1.5327065,1.0671079,0.4425689
1377683583260008787,26.984008787,1.2939559,0.9711811,0.3743547
1377683583289183592,27.013183592,1.1649884,1.3357021,0.31146947
1377683583303313231,27.027313231,0.49456874,0.831555,0.39034244
1377683583329833008,27.053833008,-0.02556608,0.95839125,0.40526414
1377683583342619873,27.066619873,-0.47855246,1.1875485,0.17823818
1377683583369139648,27.093139648,-0.9720408,0.4222687,-0.119133845
1377683583379881835,27.103881835,-2.145542,-5.326322E-7,0.29121798
1377683583410124754,27.134124754,-3.0909505,-0.37925065,0.46708357
1377683583419890379,27.143890379,-3.7890828,0.49687794,0.18783088
1377683583448668457,27.172668457,-3.7965434,-0.5071527,-0.56679124
1377683583457610106,27.181610106,-2.989695,-1.6849167,-1.4514465
1377683583492552734,27.216552734,-3.301989,-0.959073,-1.4226683
1377683583501036620,27.22503662,-3.6046906,-0.18739758,-0.99846035
1377683583543517087,27.267517087,-1.5614558,-4.34741,-1.0315017
1377683583569762206,27.293762206,-3.815729,-2.3073735,-0.87588733
1377683583580321288,27.304321288,-2.805303,0.1931106,-0.7863561
1377683583621031738,27.345031738,-2.178583,-2.4182217,-0.9963288
1377683583651396726,27.375396726,-2.4674287,-2.4619215,-0.64886165
1377683583660399411,27.384399411,-2.4770212,-2.2210393,-0.43462574
1377683583692229246,27.416229246,-2.0730643,-1.9364574,-0.31951383
1377683583701079344,27.425079344,-1.1340504,-1.8959552,-0.3323039
1377683583731627441,27.455627441,-0.3762309,-1.5538174,-0.40158418
1377683583740294434,27.464294434,0.3027154,-0.7320468,-0.47086444
1377683583770537353,27.494537353,1.2076224,-5.326322E-7,-0.5028397
1377683583780425048,27.504425048,2.3491476,0.3870955,-0.65845406
1377683583811003660,27.53500366,3.1389425,0.22934957,-0.79594857
1377683583822813963,27.546813963,2.6347952,-5.326322E-7,-0.5412108
1377683583851103759,27.575103759,0.13111381,-0.7341789,0.9946792
1377683583860899902,27.584899902,-1.2949938,-2.885064,0.39140823
1377683583890044189,27.614044189,-2.0762615,-0.70859843,-0.20120448
1377683583911772704,27.635772704,-2.3309996,-1.5666077,-0.2981971
1377683583924315427,27.648315427,0.41889313,-2.6484454,0.25817695
1377683583953185057,27.677185057,1.7458766,1.6138886,-0.18308513
1377683583957121824,27.681121824,0.60754853,3.4279656,-0.43995476
1377683583988677002,27.712677002,0.72585815,1.2483022,-0.25236514
1377683584000029541,27.724029541,2.1743484,0.21549368,-0.7288004
1377683584031737303,27.755737303,2.8394384,2.4484491,-0.20440188
1377683584040434812,27.764434812,3.1527984,2.9334111,-0.22358729
1377683584070616698,27.794616698,3.1837082,2.7479532,0.22406985
1377683584083678221,27.807678221,2.7477756,1.9485657,0.7964311
1377683584111113525,27.835113525,2.0784218,0.6482286,1.0415764
1377683584119750001,27.843750001,2.097607,-1.4397714,0.54489076
1377683584151640868,27.875640868,2.1775455,-0.97399527,-0.22678494
1377683584158720945,27.882720945,2.1082654,-5.326322E-7,-0.49324727
1377683584189116453,27.913116453,1.9835607,1.3463603,-0.4090453
1377683584212767577,27.936767577,2.0272608,2.6072607,-0.30032867
1377683584219786620,27.94378662,1.7469423,2.0221095,0.054599594
1377683584251677490,27.97567749,1.3110095,0.9061645,0.35516953
1377683584258818602,27.982818602,1.2886269,0.25493002,0.41592264
1377683584288542723,28.012542723,1.252388,0.6375704,0.39886883
1377683584310606932,28.034606932,1.3600389,1.0617783,0.27949396
1377683584319762206,28.043762206,1.330195,0.61731917,0.2901522
1377683584351653076,28.075653076,1.1681857,0.6269119,0.31679845
1377683584358916260,28.08291626,0.8622868,0.95306176,0.26457173
1377683584388548827,28.112548827,0.44553939,1.0649763,0.24858451
1377683584399901365,28.123901365,0.106599145,1.3911262,0.18676509
1377683584431578611,28.155578611,-0.32293838,1.027671,0.1132211
1377683584436430906,28.160430906,-0.8526659,0.53311694,-0.0765001
1377683584468169189,28.192169189,-2.003784,0.25706163,0.33598387
1377683584479918457,28.203918457,-3.088819,0.41054413,0.22406985
1377683584509551025,28.233551025,-3.7709632,0.21869107,-0.19694103
1377683584518309569,28.242309569,-3.0024853,-0.34514356,-1.1380867
1377683584549742674,28.273742674,-3.0291317,0.1568719,-1.0506871
1377683584571806883,28.295806883,-3.3904548,-0.42188466,-0.8289901
1377683584579863524,28.303863524,-3.2934623,-0.8258417,-0.3962552
1377683584611632324,28.335632324,-1.5955632,-2.3127024,-0.7330636
1377683584616057373,28.340057373,-2.6273062,-1.2948157,-1.0954527
1377683584648863768,28.372863768,-2.565487,0.29862985,-0.7298662
1377683584659148191,28.383148191,-2.3533828,0.40095142,-0.57212025
1377683584688567138,28.412567138,-2.5121944,-1.0709873,-0.47939137
1377683584699767089,28.423767089,-2.748813,-2.2071831,-0.397321
1377683584728514649,28.452514649,-2.4652967,-2.2007885,-0.45167932
1377683584739684082,28.463684082,-2.2201514,-2.1858664,-0.33550158
1377683584768736814,28.492736814,-1.5785097,-2.0004084,-0.38453063
1377683584776427244,28.500427244,-0.6757345,-1.7776456,-0.44848138
1377683584809142088,28.533142088,0.16308932,-0.96653414,-0.61795163
1377683584816130613,28.540130613,0.9965839,-0.20018795,-0.6552564
1377683584846861816,28.570861816,1.8716468,0.24746892,-0.5891738
1377683584870543457,28.594543457,2.6529145,0.4244003,-0.57318604
1377683584879942870,28.60394287,3.0888474,-0.022191057,-0.540145
1377683584909239744,28.633239744,1.4143971,0.0897235,0.47241282
1377683584916228269,28.640228269,-1.711741,-2.947949,1.5915554
1377683584948760010,28.67276001,-1.5412049,-1.0784482,-0.14791197
1377683584959837891,28.683837891,-1.8268526,-0.30037767,-0.6541906
1377683584990630126,28.714630126,-0.95605356,-1.9257989,-0.35895017
1377683585010558103,28.734558103,1.4719528,-2.1411006,0.10576052
1377683585041533445,28.765533445,1.1937662,3.2542322,-0.17136057
1377683585070708251,28.794708251,0.4977661,2.0956528,0.49159822
1377683585092131592,28.816131592,0.90172315,0.8464767,-0.099948436
1377683585099883057,28.823883057,1.8652517,-0.09680031,-0.32590914
1377683585143187499,28.867187499,2.3352916,1.5520695,0.22939883
1377683585169035887,28.893035887,2.1732824,2.7468874,0.54702234
1377683585189391112,28.913391112,1.6424888,1.5424768,0.6173684
1377683585199858642,28.923858642,1.4890066,-0.8631465,0.11855061
1377683585238799073,28.962799073,1.8823053,1.7343302,-0.6509932
1377683585272551512,28.996551512,1.1990955,0.3380662,-0.1255289
1377683585281004881,29.005004881,1.1383421,-0.12451237,0.2304649
1377683585310484863,29.034484863,1.2086881,0.3870955,0.12174801
1377683585320769287,29.044769287,1.2630465,0.5491047,-0.10847534
1377683585351653077,29.075653077,1.2918243,0.24853471,-0.12233151
1377683585360442139,29.084442139,1.3685657,0.4212029,-5.326322E-7
1377683585401762937,29.125762937,1.3504459,0.8336866,0.22620144
1377683585434660887,29.158660887,1.3110095,1.0788319,0.39140823
1377683585460478760,29.18447876,0.79407233,0.91255957,0.2539135
1377683585494688965,29.218688965,0.5137539,1.2824095,0.030084932
1377683585500426269,29.224426269,0.3080449,1.4678675,-0.082894884
1377683585534544919,29.258544919,0.15669428,1.2397753,-0.07969749
1377683585540556883,29.264556883,-0.16625822,1.668247,-0.3323039
1377683585572600341,29.296600341,-0.51159376,1.5765842,-0.3152501
1377683585580443359,29.304443359,-1.1042062,0.87205714,0.28695482
1377683585613249755,29.337249755,-1.6030244,0.9903665,0.6163026
1377683585620543456,29.344543456,-2.4088068,0.6130557,0.42231768
1377683585652190183,29.376190183,-3.686761,0.6546239,0.6280269
1377683585660460448,29.384460448,-2.985432,0.087591365,-0.21506038
1377683585690093017,29.414093017,-2.3512511,0.24746892,-0.42290092
1377683585700438476,29.424438476,-2.1146321,1.1097419,-0.23424552
1377683585745696043,29.469696043,-1.5870363,0.76120895,-0.14684618
1377683585771086668,29.495086668,-1.6818973,0.7004553,-0.064775534
1377683585780425048,29.504425048,-1.2544913,-0.43893847,-0.4548767
1377683585809477783,29.533477783,-1.2118571,-0.9942462,-0.6627172
1377683585820647217,29.544647217,-1.0210701,-1.1392018,-0.5209593
1377683585855284667,29.579284667,-0.51265955,-1.2180748,-0.5103008
1377683585860350585,29.584350585,-0.098044276,-1.1466626,-0.56039596
1377683585890410398,29.614410398,0.29312295,-0.8642123,-0.56679124
1377683585900420164,29.624420164,0.6341948,-0.85568565,-0.4090453
1377683585948210694,29.672210694,1.2534537,0.41907078,-0.14897777
1377683585970946288,29.694946288,1.5422992,0.3487247,0.14519687
1377683585980528807,29.704528807,1.459163,-0.04990311,0.48307133
1377683586009551024,29.733551024,1.2065563,-2.3425467,0.2325965
1377683586034666991,29.758666991,-3.0024853,-4.929364,0.4201861
1377683586040343261,29.764343261,0.62886584,1.457209,0.1856993
1377683586084685303,29.808685303,0.73545086,0.8763209,0.04927008
1377683586109892821,29.833892821,0.45300052,-2.2093153,0.6290927
1377683586120635007,29.844635007,0.5340051,-3.7238877,0.8987527
1377683586163420653,29.887420653,1.522048,1.2280512,-0.13192421
1377683586190764405,29.914764405,0.7439775,1.4454845,-0.03386609
1377683586200407959,29.924407959,0.41249835,-0.15968554,0.2901522
1377683586241728758,29.965728758,0.23130353,-0.5817622,0.08977276
1377683586275145507,29.999145507,0.17801102,0.20803283,-0.061578143
1377683586280394531,30.004394531,0.11832371,1.0010247,-0.13299
1377683586316191651,30.040191651,0.05010924,1.0425932,-0.107409544
1377683586320586182,30.044586182,0.03838494,0.3327372,-5.326322E-7
1377683586353270506,30.077270506,0.035187017,-0.33874825,0.09829941
1377683586360411619,30.084411619,0.092743255,-0.47837484,0.086575374
1377683586390166259,30.114166259,0.12898195,-0.29078522,0.029019134
1377683586400450683,30.124450683,0.16735251,-0.07228591,-5.326322E-7
1377683586446410157,30.170410157,0.104467556,-0.13303928,0.032216527
1377683586470976805,30.194976805,0.0650312,-0.19805636,0.050335877
1377683586494963621,30.218963621,0.031989623,-0.2204389,0.054599594
1377683586522643066,30.246643066,-5.326322E-7,0.1323591,-5.326322E-7
1377683586554106690,30.27810669,0.019195799,0.063079104,-5.326322E-7
1377683586585020995,30.309020995,0.050071422,-0.04670066,0.038582813
1377683586609770750,30.33377075,0.043664657,-0.10850624,0.044969074
1377683586633452391,30.357452391,0.07137671,-0.13941568,0.04283748
1377683586640471435,30.364471435,0.08843053,-0.1916424,0.043903276
1377683586683470704,30.407470704,0.06178427,-0.1895108,0.02578366
1377683586709898925,30.433898925,0.03300642,-0.17352305,0.040705353
1377683586720641111,30.444641111,-5.326322E-7,-0.18311577,0.044969074
1377683586763731933,30.487731933,0.069245115,-0.061608505,0.09613
1377683586794585206,30.518585206,-0.119410284,-0.024304008,-5.326322E-7
1377683586825102782,30.549102782,-0.035206724,-0.18524949,0.058821507
1377683586850584959,30.574584959,-5.326322E-7,-0.15220845,-5.326322E-7
1377683586872771239,30.596771239,-5.326322E-7,0.08867154,-5.326322E-7
1377683586880553222,30.604553222,-0.0256015,-0.095715605,0.022577748
1377683586913298584,30.637298584,-5.326322E-7,-0.09145215,-5.326322E-7
1377683586920531251,30.644531251,0.024488565,0.06522854,-5.326322E-7
1377683586967802976,30.691802976,-5.326322E-7,0.1803325,-0.059488628
1377683586990202879,30.714202879,-0.02667369,0.022581475,-0.031772044
1377683587000517821,30.724517821,-0.06929199,0.17285566,-0.076523535
1377683587045287108,30.769287108,-0.030921431,0.2826381,-0.042416167
1377683587071471192,30.795471192,-5.326322E-7,-0.71179986,-0.054140467
1377683587080382325,30.804382325,-0.17054804,0.3934866,0.09507831
1377683587109801268,30.833801268,-0.023460586,0.46063498,-5.326322E-7
1377683587132262206,30.856262206,-0.10126776,0.6343684,-0.088247836
1377683587140440917,30.864440917,0.21528968,0.4521081,0.11532952
1377683587170744873,30.894744873,0.2525947,-0.76828974,-0.1255526
1377683587180418946,30.904418946,-0.041579936,-1.2095518,-0.41972697
1377683587210722899,30.934722899,0.15986556,-0.34727913,0.1952683
1377683587233122801,30.957122801,0.17372173,0.148341,-0.44211003
1377683587240477538,30.964477538,0.69385654,1.6575844,-0.87058175
1377683587276183105,31.000183105,0.8174951,0.8208922,-1.0741589
1377683587280577637,31.004577637,0.41353804,-0.6649026,-0.65208244
1377683587309905028,31.033905028,-0.21637945,-2.4779134,-0.37282977
1377683587320586180,31.04458618,-2.0379171,-0.95481354,1.3016205
1377683587362486816,31.086486816,-2.0347195,0.42972556,-1.3033167
1377683587390562987,31.114562987,-1.9292003,-0.90898216,-0.32699835
1377683587400511717,31.124511717,0.8121656,1.8974009,0.331697
1377683587435271240,31.15927124,0.7439514,2.1393487,0.4500063
1377683587462553954,31.186553954,0.018107364,0.06733643,0.65358365
1377683587494566893,31.218566893,0.7396879,-0.49543238,0.59709376
1377683587526305176,31.250305176,-1.0647962,1.0841575,-3.8805418
1377683587551726317,31.275726317,-1.1948296,1.2973275,-3.3390903
1377683587560515380,31.28451538,-0.8676139,0.32846949,-2.256187
1377683587590117432,31.314117432,0.53824246,1.3911219,-1.8703487
1377683587600462891,31.324462891,1.2608886,4.0632076,-2.4011424
1377683587648070311,31.372070311,0.64695907,-0.67556113,-0.7981038
1377683587671080565,31.395080565,1.0573114,-0.9580115,-1.5239478
1377683587680449462,31.404449462,0.28989947,-0.5700419,-1.3310287
1377683587709502198,31.433502198,-0.14923076,-0.5156836,-1.3214363
1377683587731139160,31.45513916,-0.5254758,0.11956315,-1.1594272
1377683587740416503,31.464416503,-0.661905,0.34339145,-0.7938404
1377683587770903563,31.494903563,-0.66723394,0.7143072,-0.25878364
1377683587780516601,31.504516601,-0.9443548,0.7462827,-0.4879417
1377683587810790039,31.534790039,-1.0328205,0.10677252,-0.6030534
1377683587820586182,31.544586182,-0.94861853,0.6567515,-1.1935343
1377683587850798583,31.574798583,-0.6992095,0.76013917,-2.0835187
1377683587860472654,31.584472654,0.3421262,0.7921144,-1.9726706
1377683587890318847,31.614318847,0.91022396,1.4326904,-1.5239478
1377683587912322021,31.636322021,0.83668023,-1.9108812,-1.6976813
1377683587919951416,31.643951416,1.2608886,0.7153733,-1.8522294
1377683587949217772,31.673217772,0.9603191,1.7417865,-1.393914
1377683587969542480,31.69354248,0.8611949,3.1689599,-1.1498344
1377683587980010009,31.704010009,0.07139988,4.0941176,-3.1461713
1377683588009856201,31.733856201,-0.23236746,6.177854,-3.8869371
1377683588019865966,31.743865966,0.13002191,8.487551,-5.422827
1377683588048583007,31.772583007,1.0423895,8.24134,-6.51106
1377683588059905029,31.783905029,1.7447846,7.2511654,-6.5377064
1377683588099974608,31.823974608,2.2659853,5.9614873,-5.926974
1377683588120573973,31.844573973,2.380031,4.013113,-4.8291483
1377683588151518799,31.875518799,1.6104876,4.785854,-3.895464
1377683588159880616,31.883880616,1.1681596,4.945732,-3.0779572
1377683588188658690,31.91265869,1.5710509,4.352053,-2.2092893
1377683588199858641,31.923858641,1.9270447,2.6392324,-0.5359047
1377683588228545166,31.952545166,2.2062974,1.2696152,0.64292544
1377683588239836670,31.96383667,1.6701748,0.24639912,1.1129651
1377683588272307371,31.996307371,0.88038033,0.23254296,0.9051243
1377683588289336181,32.013336181,-0.13430907,1.5211558,0.82411975
1377683588302824951,32.026824951,-1.4175924,1.9187179,1.0074462
1377683588334197021,32.058197021,0.6448275,-0.91004795,0.8560955
1377683588339842773,32.063842773,0.98803115,0.08758737,0.23577045
1377683588368895507,32.092895507,0.6853296,2.3066874,-0.12981606
1377683588389464355,32.113464355,0.33146715,1.6383994,-0.2459938
1377683588425993895,32.149993895,-0.18440393,-2.3723943,0.5896329
1377683588448637939,32.172637939,-0.055436093,-2.3137724,0.26561463
1377683588460539794,32.184539794,-5.326322E-7,-0.71073407,-0.44637322
1377683588489714599,32.213714599,0.093782954,0.67700243,-0.47301948
1377683588499815917,32.223815917,-0.14816497,1.0564454,-0.35471043
1377683588529021239,32.253021239,0.08632184,0.3369964,-0.2044253
1377683588551482178,32.275482178,0.04155623,0.1824481,-0.33019575
1377683588559966065,32.283966065,-0.35707185,0.3689719,-0.047745686
1377683588589293456,32.313293456,-0.45939314,0.4723593,0.35727745
1377683588616667723,32.340667723,0.2078291,-0.6073464,0.3178408
1377683588622038818,32.346038818,0.37196985,-0.43787667,0.1963341
1377683588653288818,32.377288818,-0.12897982,1.0234038,0.092946716
1377683588669524168,32.393524168,-0.123650305,1.1278572,-0.20016213
1377683588679808593,32.403808593,0.1342851,0.108904645,-0.526312
1377683588708708740,32.43270874,0.42952555,-0.6798246,-0.65314823
1377683588740782714,32.464782714,0.72689784,-2.004676,-1.2489583
1377683588769499755,32.493499755,0.9091582,-3.4403756,-1.0869492
1377683588789946533,32.513946533,0.5563618,-1.770189,-0.6446213
1377683588799834229,32.523834229,-0.22064263,0.17711885,-0.8151574
1377683588828551268,32.552551268,-0.14709917,0.9509261,-1.4290872
1377683588839903807,32.563903807,-0.5595831,-0.6670342,-0.8588572
1377683588869627930,32.59362793,-0.7119996,-1.1722473,0.12172457
1377683588892668701,32.616668701,-0.5286737,-0.26627457,0.3988454
1377683588912932371,32.636932371,-0.029855633,0.81343114,-0.6137119
1377683588919798827,32.643798827,0.19184108,0.75161225,-0.94092757
1377683588950865723,32.674865723,0.07139988,0.59812945,-1.124254
1377683588961028076,32.685028076,-0.28246206,1.9048619,-1.6252034
1377683588989958739,32.713958739,-0.40503484,3.052782,-1.8138587
1377683589010405517,32.734405517,-0.16948225,2.3237407,-1.3246337
1377683589019988037,32.743988037,0.31654572,0.6343684,-0.7565359
1377683589060240722,32.784240722,0.98909694,-0.71926093,-0.8641867
1377683589088957763,32.812957763,0.6981197,0.5725495,-0.9473229
1377683589099852539,32.823852539,-0.17907494,0.48834705,-0.7149674
1377683589128691650,32.85269165,-0.3847839,-5.326322E-7,-0.42292464
1377683589139861083,32.863861083,0.020239491,-0.592425,-0.5049953
1377683589168639159,32.892639159,0.17159013,-0.6840878,-0.4378466
1377683589190367676,32.914367676,-5.326322E-7,-0.11918738,-0.41866118
1377683589200591065,32.924591065,-0.106597014,0.058809523,-0.42185882
1377683589228819823,32.952819823,-5.326322E-7,-0.41016436,-0.45383435
1377683589239806151,32.963806151,0.18544602,-0.82051647,-0.5241804
1377683589268584229,32.992584229,0.1705238,-0.7000758,-0.6574117
1377683589279967286,33.003967286,0.02770007,-0.30571118,-0.67339975
1377683589321013427,33.045013427,-0.030921431,-0.20445514,-0.435715
1377683589348479248,33.072479248,0.04262203,-0.26947248,-0.37389556
1377683589359862305,33.083862305,-5.326322E-7,-0.025392443,-0.32806417
1377683589388976073,33.112976073,-0.18333814,0.1867113,-0.28756174
1377683589399809813,33.123809813,-0.22490636,0.16326296,-0.27477163
1377683589440062500,33.1640625,-0.049041048,-0.050972905,-0.076523535
1377683589468535399,33.192535399,-0.13536714,0.40521088,0.17288949
1377683589497099852,33.221099852,0.6544279,0.8837772,0.1792848
1377683589522246338,33.246246338,0.87719065,0.35937947,0.09295072
1377683589565642333,33.289642333,0.34106812,0.6919244,0.4020473
1377683589600798584,33.324798584,0.3122897,-5.326322E-7,0.30398917
1377683589640257811,33.364257811,0.09911966,0.04708522,0.6770368
1377683589683318115,33.407318115,-0.4412661,-0.12771429,0.7591072
1377683589720061278,33.444061278,-0.37518346,0.32100838,0.5800442
1377683589760100342,33.484100342,-0.03517743,-0.09360692,0.5896369
1377683589801451659,33.525451659,-0.33254945,1.0884206,0.765502
1377683589828947998,33.552947998,-0.22489862,1.058577,0.63227093
1377683589860167480,33.58416748,-0.25900573,0.503269,0.18887724
1377683589889067626,33.613067626,-0.24195218,0.3274037,-5.326322E-7
1377683589921477295,33.645477295,-0.3634589,-0.47091773,0.16009939
1377683589961302733,33.685302733,0.11830534,0.24959652,0.37433526
1377683590001341797,33.725341797,0.41674316,-0.13091168,0.42549592
1377683590049956298,33.773956298,1.1585749,-0.08721187,0.5288836
1377683590079955079,33.803955079,0.7929882,-0.30677697,0.459603
1377683590120268798,33.844268798,0.11084449,-0.06909225,0.06630445
1377683590158629395,33.882629395,-0.09487059,0.15473418,-5.326322E-7
1377683590181822753,33.905822753,-0.069290124,0.031095602,-0.099974535
1377683590222868896,33.946868896,0.06287484,-0.19912802,-0.04668202
1377683590258604980,33.98260498,0.12256267,-0.17354755,0.026861442
1377683590260710692,33.984710692,0.24726705,-0.20872073,0.11532713
1377683590292021728,34.016021728,0.33893013,-0.21831343,0.2421631
1377683590318602540,34.04260254,0.2792428,-0.11918924,0.33489197
1377683590329863525,34.053863525,0.17905258,-0.029658027,0.3849871
1377683590362639403,34.086639403,0.2280819,-0.22364268,0.23576778
1377683590400694825,34.124694825,0.3719717,-0.3344909,0.18993638
1377683590442351317,34.166351317,0.45937133,0.33592874,0.1952659
1377683590481596924,34.205596924,0.56808794,-0.4304177,0.03645415
1377683590520506835,34.244506835,0.20676489,0.30395296,-0.025365278
1377683590562682129,34.286682129,0.66508055,0.18138045,-0.14260882
1377683590602812743,34.326812743,0.6373685,-0.45066863,-0.12981872
1377683590643095948,34.367095948,0.112969965,-0.21831343,-5.326322E-7
1377683590685973143,34.409973143,-0.07887751,0.05561666,-0.16711709
1377683590725645996,34.449645996,-0.054363374,-0.22470209,-0.15859018
1377683590765349364,34.489349364,-0.028782912,-0.06802219,-0.2225412
1377683590780852295,34.504852295,-0.023453394,-0.25134835,-0.30034837
1377683590826567626,34.550567626,-0.06608741,-0.31210172,-0.5071231
1377683590864043212,34.588043212,-0.28245488,0.19311114,-0.42718434
1377683590898741699,34.622741699,-0.33787924,-0.17567302,-0.2353313
1377683590909880614,34.633880614,-0.08207543,-0.7480343,-0.24492426
1377683590942015625,34.666015625,-0.16734318,-0.58069587,-0.678725
1377683590981657958,34.705657958,-0.6533709,-0.21404332,-0.9558458
1377683591019286133,34.743286133,-0.39117175,-0.76295626,-1.0880113
1377683591030028320,34.75402832,0.09272408,-1.2457863,-1.0155337
1377683591058806396,34.782806396,0.477496,-1.0017067,-0.93666065
1377683591069853758,34.793853758,0.4881545,-0.7469685,-1.0240605
1377683591099120117,34.823120117,0.46150824,-0.96546805,-0.93026537
1377683591109892822,34.833892822,0.4913519,-1.2671033,-0.800232
1377683591141936278,34.865936278,0.20890182,-1.6188339,-0.7810468
1377683591178343750,34.90234375,0.5990027,-1.3267908,-0.68405426
1377683591201506592,34.925506592,0.024509605,-0.63931763,-0.6819224
1377683591240233397,34.964233397,-0.20997721,-0.50395477,-0.7682562
1377683591258696533,34.982696533,-0.3645255,-0.44853064,-0.8012978
1377683591281401612,35.005401612,-0.43593737,-0.530601,-1.0144678
1377683591323271727,35.047271727,-0.32935232,-0.5647084,-0.6499471
1377683591359496094,35.083496094,-0.40609372,-0.35793337,-0.6744618
1377683591369780517,35.093780517,-0.3975668,-0.25454575,-0.7320175
1377683591402068114,35.126068114,-0.22809654,-0.25134835,-0.60731286
1377683591438841797,35.162841797,-0.2089114,-0.47197926,-0.60731286
1377683591449828125,35.173828125,-0.15668468,-0.6020129,-0.63502514
1377683591478514648,35.202514648,-5.326322E-7,-0.54019374,-0.6083789
1377683591505248046,35.229248046,0.05222166,-0.42721337,-0.39520884
1377683591539946532,35.263946532,-0.06182422,-0.4218844,-0.4111966
1377683591550047850,35.27404785,-0.1758701,-0.4432014,-0.46981835
1377683591579192138,35.303192138,-0.1513557,-0.43893796,-0.5390984
1377683591589995361,35.313995361,-0.058626562,-0.4122917,-0.5764034
1377683591622069335,35.346069335,-0.06821927,-0.35793337,-0.4122624
1377683591658476806,35.382476806,-0.18866046,-0.2438875,-0.3557725
1377683591678740479,35.402740479,-0.14496039,-0.18100227,-0.345114
1377683591689879394,35.413879394,-0.09060207,-0.15329023,-0.32059932
1377683591722319579,35.446319579,-0.13430215,-0.21724124,-0.28222877
1377683591759612061,35.483612061,-0.2995087,-0.302509,-0.1639197
1377683591782500243,35.506500243,-0.4849667,-0.32276046,-0.24918745
1377683591818633056,35.542633056,-0.51161295,-0.17887068,-0.2630436
1377683591829924561,35.553924561,-0.7109266,-0.21617544,-0.28649223
1377683591851347900,35.5753479,-0.21743831,-0.23749219,-0.35044298
1377683591878539062,35.602539062,0.12683144,-0.042441733,-0.32806045
1377683591890013671,35.614013671,0.5798176,0.2304159,-0.345114
1377683591918608643,35.642608643,0.64909786,0.35085708,-0.33338943
1377683591939330077,35.663330077,0.17159706,0.24320626,-0.28116298
1377683591949889159,35.673889159,-0.18119936,0.11850161,-0.18417063
