1377683556319853758,0.043853758,-13.799988,-9.0,-44.699997
1377683556348814941,0.072814941,-14.099991,-1.199997,-47.399994
1377683556359801269,0.083801269,-14.099991,-1.199997,-47.399994
1377683556389220214,0.113220214,-13.199997,-0.2999878,-47.09999
1377683556399870848,0.123870848,-13.199997,-0.2999878,-47.09999
1377683556429228759,0.153228759,-13.5,0.0,-47.699997
1377683556439818359,0.163818359,-13.5,0.0,-47.699997
1377683556474272704,0.198272704,-13.5,0.0,-48.899994
1377683556509520507,0.233520507,-14.399994,0.0,-48.899994
1377683556530241944,0.254241944,-14.399994,-0.2999878,-48.59999
1377683556539824463,0.263824463,-14.399994,-0.2999878,-48.59999
1377683556571013426,0.295013426,-14.399994,-0.8999939,-47.399994
1377683556590971923,0.314971923,-14.699997,-0.8999939,-46.799988
1377683556600462890,0.32446289,-14.699997,-0.8999939,-46.799988
1377683556630919434,0.354919434,-14.399994,-0.8999939,-46.5
1377683556652098631,0.376098631,-14.699997,-0.59999084,-47.09999
1377683556660094236,0.384094236,-14.699997,-0.59999084,-47.09999
1377683556691618896,0.415618896,-15.0,-0.59999084,-47.09999
1377683556710539795,0.434539795,-15.299988,-0.59999084,-47.09999
1377683556720641114,0.444641114,-15.299988,-0.59999084,-47.09999
1377683556752104735,0.476104735,-14.699997,-0.8999939,-47.09999
1377683556760161375,0.484161375,-14.699997,-0.8999939,-47.09999
1377683556792387938,0.516387938,-14.699997,-1.199997,-46.199997
1377683556811522461,0.535522461,-14.699997,-1.5,-46.199997
1377683556822295166,0.546295166,-14.699997,-1.5,-46.199997
1377683556855101561,0.579101561,-14.399994,-0.8999939,-46.199997
1377683556893065428,0.617065428,-14.699997,-0.8999939,-46.5
1377683556902678466,0.626678466,-14.699997,-0.8999939,-46.5
1377683556932341553,0.656341553,-14.699997,-0.2999878,-47.09999
1377683556943266845,0.667266845,-14.699997,-0.2999878,-47.09999
1377683556970549559,0.694549559,-15.299988,0.0,-47.09999
1377683556981108642,0.705108642,-15.299988,0.0,-47.09999
1377683557011260010,0.73526001,-15.599991,-0.2999878,-46.799988
1377683557024565673,0.748565673,-15.599991,-0.2999878,-46.799988
1377683557052641844,0.776641844,-15.599991,0.0,-46.799988
1377683557056731200,0.7807312,-15.599991,0.0,-46.799988
1377683557091002442,0.815002442,-15.599991,0.2999878,-45.899994
1377683557101561523,0.825561523,-15.599991,0.2999878,-45.899994
1377683557133208251,0.857208251,-15.0,0.2999878,-46.5
1377683557140410400,0.8644104,-15.0,0.2999878,-46.5
1377683557169707276,0.893707276,-14.699997,0.2999878,-46.799988
1377683557191893554,0.915893554,-14.699997,0.0,-46.5
1377683557201201414,0.925201414,-14.699997,0.0,-46.5
1377683557233366943,0.957366943,-15.0,0.59999084,-46.799988
1377683557241057373,0.965057373,-15.0,0.59999084,-46.799988
1377683557270537353,0.994537353,-15.0,0.59999084,-47.09999
1377683557280455565,1.004455565,-15.0,0.59999084,-47.09999
1377683557313078857,1.037078857,-14.399994,0.8999939,-47.09999
1377683557320494629,1.044494629,-14.399994,0.8999939,-47.09999
1377683557350035644,1.074035644,-13.799988,1.199997,-47.699997
1377683557360838866,1.084838866,-13.799988,1.199997,-47.699997
1377683557393095947,1.117095947,-13.199997,0.2999878,-47.699997
1377683557405058837,1.129058837,-13.199997,0.2999878,-47.699997
1377683557431242919,1.155242919,-12.299988,0.59999084,-47.399994
1377683557441435789,1.165435789,-12.299988,0.59999084,-47.399994
1377683557471007324,1.195007324,-11.699997,0.8999939,-47.699997
1377683557480193115,1.204193115,-11.699997,0.8999939,-47.699997
1377683557508666015,1.232666015,-10.799988,1.7999878,-47.399994
1377683557539488769,1.263488769,-10.199997,2.699997,-47.699997
1377683557569792725,1.293792725,-9.599991,3.0,-47.699997
1377683557579894043,1.303894043,-9.599991,3.0,-47.699997
1377683557617064452,1.341064452,-8.699997,4.199997,-48.0
1377683557651000000,1.375,-8.699997,4.5,-48.299988
1377683557659941650,1.38394165,-8.699997,4.5,-48.299988
1377683557690886473,1.414886473,-8.099991,5.399994,-48.59999
1377683557699797607,1.423797607,-8.099991,5.399994,-48.59999
1377683557728941895,1.452941895,-7.5,6.299988,-48.899994
1377683557740080810,1.46408081,-7.5,6.299988,-48.899994
1377683557768706298,1.492706298,-6.299988,6.899994,-48.299988
1377683557788725830,1.51272583,-5.699997,7.799988,-48.0
1377683557809813477,1.533813477,-4.5,8.699997,-48.0
1377683557819884277,1.543884277,-4.5,8.699997,-48.0
1377683557848753905,1.572753905,-4.199997,9.299988,-47.399994
1377683557860930419,1.584930419,-4.199997,9.299988,-47.399994
1377683557890959717,1.614959717,-4.199997,10.199997,-47.399994
1377683557900481201,1.624481201,-4.199997,10.199997,-47.399994
1377683557929991698,1.653991698,-4.5,11.099991,-47.699997
1377683557940337157,1.664337157,-4.5,11.099991,-47.699997
1377683557969267823,1.693267823,-3.5999908,11.399994,-47.399994
1377683557980772949,1.704772949,-3.5999908,11.399994,-47.399994
1377683558010405516,1.734405516,-2.399994,11.399994,-48.299988
1377683558030150390,1.75415039,-1.7999878,11.699997,-48.299988
1377683558039885498,1.763885498,-1.7999878,11.699997,-48.299988
1377683558072203612,1.796203612,-0.2999878,11.399994,-48.299988
1377683558080382323,1.804382323,-0.2999878,11.399994,-48.299988
1377683558122282959,1.846282959,0.0,11.399994,-48.0
1377683558149870849,1.873870849,-0.8999939,11.399994,-47.09999
1377683558160033202,1.884033202,-0.8999939,11.399994,-47.09999
1377683558192198730,1.91619873,-0.2999878,11.699997,-47.09999
1377683558200438477,1.924438477,-0.2999878,11.699997,-47.09999
1377683558230711913,1.954711913,0.0,12.0,-47.09999
1377683558239836668,1.963836668,0.0,12.0,-47.09999
1377683558269041992,1.993041992,-0.2999878,12.0,-46.799988
1377683558292235352,2.016235352,0.2999878,12.0,-46.5
1377683558299864746,2.023864746,0.2999878,12.0,-46.5
1377683558330138182,2.054138182,0.0,11.699997,-46.5
1377683558341795898,2.065795898,0.0,11.699997,-46.5
1377683558369780518,2.093780518,0.2999878,12.0,-47.399994
1377683558380003906,2.104003906,0.2999878,12.0,-47.399994
1377683558409178710,2.13317871,0.0,12.0,-47.399994
1377683558419829345,2.143829345,0.0,12.0,-47.399994
1377683558448607422,2.172607422,-0.59999084,12.0,-47.699997
1377683558469511962,2.193511962,-0.8999939,12.0,-48.0
1377683558480864500,2.2048645,-0.8999939,12.0,-48.0
1377683558509337402,2.233337402,-0.59999084,11.699997,-47.09999
1377683558519804932,2.243804932,-0.59999084,11.699997,-47.09999
1377683558548583007,2.272583007,-1.199997,11.699997,-47.09999
1377683558569151854,2.293151854,-0.59999084,12.0,-47.399994
1377683558580809570,2.30480957,-0.59999084,12.0,-47.399994
1377683558609770752,2.333770752,-0.2999878,12.0,-47.699997
1377683558620360351,2.344360351,-0.2999878,12.0,-47.699997
1377683558648589110,2.37258911,-0.8999939,12.0,-47.399994
1377683558668761230,2.39276123,-0.59999084,12.299988,-48.0
1377683558680022217,2.404022217,-0.59999084,12.299988,-48.0
1377683558708586669,2.432586669,-0.2999878,12.0,-47.699997
1377683558719908690,2.44390869,-0.2999878,12.0,-47.699997
1377683558748686767,2.472686767,-0.2999878,12.299988,-46.799988
1377683558769316651,2.493316651,0.2999878,12.0,-47.399994
1377683558780058838,2.504058838,0.2999878,12.0,-47.399994
1377683558808684325,2.532684325,0.8999939,12.299988,-46.799988
1377683558828795410,2.55279541,0.8999939,13.199997,-47.09999
1377683558835967040,2.55996704,0.8999939,13.199997,-47.09999
1377683558868559814,2.592559814,1.199997,13.199997,-47.699997
1377683558893858885,2.617858885,0.59999084,13.199997,-47.399994
1377683558899962402,2.623962402,0.59999084,13.199997,-47.399994
1377683558929594971,2.653594971,0.2999878,13.199997,-47.699997
1377683558952116942,2.676116942,0.59999084,12.899994,-46.799988
1377683558960020995,2.684020995,0.59999084,12.899994,-46.799988
1377683558989409424,2.713409424,0.2999878,12.299988,-47.399994
1377683558999999023,2.723999023,0.2999878,12.299988,-47.399994
1377683559028868652,2.752868652,0.2999878,12.0,-47.699997
1377683559050566649,2.774566649,0.2999878,11.399994,-48.0
1377683559059843993,2.783843993,0.2999878,11.399994,-48.0
1377683559088774659,2.812774659,0.0,11.399994,-48.299988
1377683559099852539,2.823852539,0.0,11.399994,-48.299988
1377683559128478026,2.852478026,-0.2999878,11.099991,-48.0
1377683559141753173,2.865753173,-0.2999878,11.099991,-48.0
1377683559168608643,2.892608643,-0.8999939,11.099991,-48.0
1377683559179808594,2.903808594,-0.8999939,11.099991,-48.0
1377683559208617186,2.932617186,-0.2999878,11.099991,-48.0
1377683559219817138,2.943817138,-0.2999878,11.099991,-48.0
1377683559248503663,2.972503663,-0.59999084,10.799988,-48.0
1377683559259795166,2.983795166,-0.59999084,10.799988,-48.0
1377683559288695311,3.012695311,-0.2999878,11.099991,-47.699997
1377683559299803710,3.02380371,-0.2999878,11.099991,-47.699997
1377683559328490235,3.052490235,0.2999878,12.0,-47.399994
1377683559339751221,3.063751221,0.2999878,12.0,-47.399994
1377683559368590331,3.092590331,0.59999084,12.599991,-47.09999
1377683559379820800,3.1038208,0.59999084,12.599991,-47.09999
1377683559408507325,3.132507325,0.8999939,12.599991,-47.09999
1377683559419798828,3.143798828,0.8999939,12.599991,-47.09999
1377683559449736571,3.173736571,1.199997,12.299988,-47.09999
1377683559459807372,3.183807372,1.199997,12.299988,-47.09999
1377683559489226319,3.213226319,0.2999878,12.299988,-47.09999
1377683559500700927,3.224700927,0.2999878,12.299988,-47.09999
1377683559530516600,3.2545166,0.2999878,11.699997,-47.09999
1377683559539793945,3.263793945,0.2999878,11.699997,-47.09999
1377683559570738770,3.29473877,0.0,11.099991,-47.399994
1377683559588652587,3.312652587,-0.2999878,10.799988,-47.699997
1377683559599974608,3.323974608,-0.2999878,10.799988,-47.699997
1377683559631010986,3.355010986,-0.2999878,10.5,-47.699997
1377683559640196777,3.364196777,-0.2999878,10.5,-47.699997
1377683559671111083,3.395111083,-2.0999908,10.5,-48.299988
1377683559679808592,3.403808592,-2.0999908,10.5,-48.299988
1377683559708769775,3.432769775,-2.399994,11.099991,-48.299988
1377683559731474854,3.455474854,-2.699997,10.799988,-48.59999
1377683559740965820,3.46496582,-2.699997,10.799988,-48.59999
1377683559769865966,3.493865966,-3.0,10.799988,-48.899994
1377683559779784179,3.503784179,-3.0,10.799988,-48.899994
1377683559808684327,3.532684327,-2.699997,10.5,-48.299988
1377683559820982910,3.54498291,-2.699997,10.5,-48.299988
1377683559848906493,3.572906493,-2.399994,10.799988,-48.0
1377683559859831786,3.583831786,-2.399994,10.799988,-48.0
1377683559889433838,3.613433838,-1.7999878,11.399994,-46.199997
1377683559909270263,3.633270263,-1.7999878,11.699997,-46.5
1377683559930541015,3.654541015,-1.5,12.299988,-46.199997
1377683559939940429,3.663940429,-1.5,12.299988,-46.199997
1377683559968749024,3.692749024,-1.5,12.899994,-46.199997
1377683559980406738,3.704406738,-1.5,12.899994,-46.199997
1377683560009184813,3.733184813,-0.8999939,13.5,-47.09999
1377683560019804931,3.743804931,-0.8999939,13.5,-47.09999
1377683560051787354,3.775787354,0.0,13.799988,-46.799988
1377683560058806396,3.782806396,0.0,13.799988,-46.799988
1377683560092284179,3.816284179,0.2999878,14.099991,-46.799988
1377683560100066161,3.824066161,0.2999878,14.099991,-46.799988
1377683560129210450,3.85321045,1.199997,14.099991,-47.09999
1377683560138091064,3.862091064,1.199997,14.099991,-47.09999
1377683560169859862,3.893859862,1.5,13.5,-47.699997
1377683560180510497,3.904510497,1.5,13.5,-47.699997
1377683560211302735,3.935302735,1.7999878,13.5,-47.699997
1377683560220396972,3.944396972,1.7999878,13.5,-47.699997
1377683560249327636,3.973327636,2.0999908,13.799988,-47.399994
1377683560270567871,3.994567871,2.0999908,13.799988,-47.399994
1377683560280394531,4.004394531,2.0999908,13.799988,-47.399994
1377683560311217284,4.035217284,2.699997,14.099991,-46.799988
1377683560320342040,4.04434204,2.699997,14.099991,-46.799988
1377683560350127197,4.074127197,3.2999878,13.799988,-46.199997
1377683560363493896,4.087493896,3.2999878,13.799988,-46.199997
1377683560390105224,4.114105224,3.899994,13.5,-46.199997
1377683560412932372,4.136932372,3.5999908,12.899994,-46.199997
1377683560420287109,4.144287109,3.5999908,12.899994,-46.199997
1377683560448729493,4.172729493,2.399994,12.299988,-46.199997
1377683560459898926,4.183898926,2.399994,12.299988,-46.199997
1377683560488707519,4.212707519,1.5,11.699997,-47.399994
1377683560511473632,4.235473632,0.59999084,11.099991,-47.09999
1377683560519927002,4.243927002,0.59999084,11.099991,-47.09999
1377683560550169921,4.274169921,0.0,10.5,-47.399994
1377683560560576415,4.284576415,0.0,10.5,-47.399994
1377683560590361572,4.314361572,0.0,9.899994,-47.09999
1377683560600340820,4.32434082,0.0,9.899994,-47.09999
1377683560630461669,4.354461669,-0.59999084,9.299988,-47.09999
1377683560640288329,4.364288329,-0.59999084,9.299988,-47.09999
1377683560672484375,4.396484375,-0.59999084,8.399994,-47.699997
1377683560680449463,4.404449463,-0.59999084,8.399994,-47.699997
1377683560710967040,4.43496704,-0.59999084,7.5,-48.0
1377683560720335936,4.444335936,-0.59999084,7.5,-48.0
1377683560748625732,4.472625732,-0.8999939,7.199997,-48.299988
1377683560759856201,4.483856201,-0.8999939,7.199997,-48.299988
1377683560791441894,4.515441894,-1.199997,6.599991,-48.59999
1377683560799895262,4.523895262,-1.199997,6.599991,-48.59999
1377683560830016113,4.554016113,-1.5,6.0,-48.59999
1377683560848814942,4.572814942,-2.0999908,6.299988,-48.899994
1377683560859831787,4.583831787,-2.0999908,6.299988,-48.899994
1377683560890349364,4.614349364,-2.0999908,6.0,-49.799988
1377683560899809814,4.623809814,-2.0999908,6.0,-49.799988
1377683560928465821,4.652465821,-2.399994,6.0,-50.399994
1377683560949797607,4.673797607,-3.0,5.399994,-50.399994
1377683560959868407,4.683868407,-3.0,5.399994,-50.399994
1377683560990538574,4.714538574,-3.5999908,5.099991,-49.799988
1377683560999999024,4.723999024,-3.5999908,5.099991,-49.799988
1377683561028593993,4.752593993,-4.199997,4.799988,-49.5
1377683561049742675,4.773742675,-4.5,4.199997,-48.59999
1377683561059782958,4.783782958,-4.5,4.199997,-48.59999
1377683561094481446,4.818481446,-5.399994,4.799988,-48.899994
1377683561102110840,4.82611084,-5.399994,4.799988,-48.899994
1377683561128539062,4.852539062,-5.399994,4.799988,-48.899994
1377683561152281738,4.876281738,-5.399994,4.799988,-48.899994
1377683561159911133,4.883911133,-5.399994,4.799988,-48.899994
1377683561189330077,4.913330077,-5.399994,4.799988,-49.199997
1377683561210997558,4.934997558,-4.799988,4.799988,-49.199997
1377683561221617675,4.945617675,-4.799988,4.799988,-49.199997
1377683561248991944,4.972991944,-4.5,5.099991,-49.5
1377683561280486083,5.004486083,-4.799988,5.099991,-50.09999
1377683561308592773,5.032592773,-5.099991,5.399994,-49.799988
1377683561319914795,5.043914795,-5.099991,5.399994,-49.799988
1377683561348998046,5.072998046,-5.399994,5.399994,-48.899994
1377683561359831786,5.083831786,-5.399994,5.399994,-48.899994
1377683561388701416,5.112701416,-5.399994,4.799988,-48.299988
1377683561398070313,5.122070313,-5.399994,4.799988,-48.299988
1377683561428832031,5.152832031,-5.099991,5.099991,-48.299988
1377683561439909911,5.163909911,-5.099991,5.099991,-48.299988
1377683561469237305,5.193237305,-4.199997,5.399994,-48.59999
1377683561480071045,5.204071045,-4.199997,5.399994,-48.59999
1377683561511626220,5.23562622,-3.5999908,6.299988,-49.199997
1377683561519865965,5.243865965,-3.5999908,6.299988,-49.199997
1377683561551238037,5.275238037,-3.2999878,7.199997,-48.899994
1377683561559782959,5.283782959,-3.2999878,7.199997,-48.899994
1377683561588744140,5.31274414,-3.2999878,8.099991,-48.0
1377683561599822020,5.32382202,-3.2999878,8.099991,-48.0
1377683561628539062,5.352539062,-3.899994,8.399994,-47.399994
1377683561649229981,5.373229981,-4.5,9.899994,-46.799988
1377683561659789062,5.383789062,-4.5,9.899994,-46.799988
1377683561688506103,5.412506103,-5.699997,11.699997,-46.799988
1377683561709929443,5.433929443,-7.199997,13.199997,-46.199997
1377683561720030762,5.444030762,-7.199997,13.199997,-46.199997
1377683561748442626,5.472442626,-9.299988,15.899994,-45.0
1377683561760161376,5.484161376,-9.299988,15.899994,-45.0
1377683561789916015,5.513916015,-11.099991,18.299988,-42.899994
1377683561799803711,5.523803711,-11.099991,18.299988,-42.899994
1377683561829802490,5.55380249,-12.899994,20.699997,-40.799988
1377683561839812255,5.563812255,-12.899994,20.699997,-40.799988
1377683561872160888,5.596160888,-15.899994,20.699997,-39.299988
1377683561879881836,5.603881836,-15.899994,20.699997,-39.299988
1377683561908965087,5.632965087,-21.299988,16.199997,-38.09999
1377683561929594970,5.65359497,-27.59999,7.5,-37.199997
1377683561940123535,5.664123535,-27.59999,7.5,-37.199997
1377683561970305420,5.69430542,-31.5,-6.899994,-33.59999
1377683561979826904,5.703826904,-31.5,-6.899994,-33.59999
1377683562008727050,5.73272705,-30.59999,-23.09999,-27.299988
1377683562029814697,5.753814697,-24.59999,-36.0,-18.899994
1377683562039885497,5.763885497,-24.59999,-36.0,-18.899994
1377683562070494627,5.794494627,-12.899994,-46.199997,-9.299988
1377683562079863524,5.803863524,-12.899994,-46.199997,-9.299988
1377683562108733154,5.832733154,-1.199997,-49.199997,-2.0999908
1377683562130003907,5.854003907,6.899994,-48.899994,3.5999908
1377683562139769531,5.863769531,6.899994,-48.899994,3.5999908
1377683562170531248,5.894531248,13.799988,-48.299988,7.199997
1377683562189208006,5.913208006,15.299988,-47.09999,9.0
1377683562199980711,5.923980711,15.299988,-47.09999,9.0
1377683562229857421,5.953857421,12.599991,-48.299988,9.299988
1377683562239867187,5.963867187,12.599991,-48.299988,9.299988
1377683562270567871,5.994567871,5.099991,-49.5,7.5
1377683562289397215,6.013397215,-5.699997,-49.199997,3.899994
1377683562310576413,6.034576413,-18.299988,-46.5,-1.199997
1377683562319823240,6.04382324,-18.299988,-46.5,-1.199997
1377683562353209471,6.077209471,-29.399994,-36.0,-9.599991
1377683562360411620,6.08441162,-29.399994,-36.0,-9.599991
1377683562393889404,6.117889404,-33.299988,-18.59999,-18.299988
1377683562400023438,6.124023438,-33.299988,-18.59999,-18.299988
1377683562433165526,6.157165526,-32.09999,0.0,-25.799988
1377683562449736571,6.173736571,-27.59999,15.599991,-31.5
1377683562461028075,6.185028075,-27.59999,15.599991,-31.5
1377683562490141846,6.214141846,-20.699997,24.299988,-33.299988
1377683562500365234,6.224365234,-20.699997,24.299988,-33.299988
1377683562532744382,6.256744382,-15.899994,25.199997,-34.799988
1377683562540465330,6.26446533,-15.899994,25.199997,-34.799988
1377683562570006347,6.294006347,-13.199997,22.5,-37.199997
1377683562580412841,6.304412841,-13.199997,22.5,-37.199997
1377683562620543457,6.344543457,-10.5,20.09999,-39.899994
1377683562649962400,6.3739624,-9.599991,17.399994,-43.199997
1377683562661101316,6.385101316,-9.599991,17.399994,-43.199997
1377683562689574217,6.413574217,-8.099991,14.399994,-45.0
1377683562700255370,6.42425537,-8.099991,14.399994,-45.0
1377683562729735352,6.453735352,-6.899994,12.299988,-46.5
1377683562740294434,6.464294434,-6.899994,12.299988,-46.5
1377683562770384764,6.494384764,-6.299988,10.199997,-47.09999
1377683562780364012,6.504364012,-6.299988,10.199997,-47.09999
1377683562820250487,6.544250487,-4.199997,7.799988,-47.399994
1377683562849425293,6.573425293,-4.199997,6.599991,-48.0
1377683562871001221,6.595001221,-3.899994,6.0,-47.399994
1377683562880370117,6.604370117,-3.899994,6.0,-47.399994
1377683562913084959,6.637084959,-3.5999908,6.0,-47.699997
1377683562921172116,6.645172116,-3.5999908,6.0,-47.699997
1377683562950224852,6.674224852,-3.899994,6.599991,-47.699997
1377683562960356688,6.684356688,-3.899994,6.599991,-47.699997
1377683563001708008,6.725708008,-3.5999908,7.5,-48.59999
1377683563030608153,6.754608153,-3.5999908,7.5,-48.899994
1377683563040373777,6.764373777,-3.5999908,7.5,-48.899994
1377683563070006347,6.794006347,-3.2999878,7.199997,-48.899994
1377683563080962157,6.804962157,-3.2999878,7.199997,-48.899994
1377683563109465576,6.833465576,-3.899994,6.599991,-48.299988
1377683563120360350,6.84436035,-3.899994,6.599991,-48.299988
1377683563154845212,6.878845212,-3.899994,6.599991,-47.399994
1377683563160216307,6.884216307,-3.899994,6.599991,-47.399994
1377683563196684813,6.920684813,-4.199997,6.599991,-48.0
1377683563221190430,6.94519043,-3.899994,6.299988,-48.0
1377683563248930907,6.972930907,-4.199997,5.399994,-48.299988
1377683563259795164,6.983795164,-4.199997,5.399994,-48.299988
1377683563298186278,7.022186278,-3.899994,5.099991,-48.59999
1377683563320128417,7.044128417,-4.5,6.599991,-47.699997
1377683563349394775,7.073394775,-4.799988,8.099991,-47.09999
1377683563359801268,7.083801268,-4.799988,8.099991,-47.09999
1377683563388487791,7.112487791,-4.799988,10.199997,-46.199997
1377683563400053953,7.124053953,-4.799988,10.199997,-46.199997
1377683563428740478,7.152740478,-5.099991,11.099991,-45.59999
1377683563439787842,7.163787842,-5.099991,11.099991,-45.59999
1377683563468749023,7.192749023,-4.5,11.099991,-45.299988
1377683563479735351,7.203735351,-4.5,11.099991,-45.299988
1377683563508299802,7.232299802,-5.699997,11.099991,-45.899994
1377683563519713377,7.243713377,-5.699997,11.099991,-45.899994
1377683563559782958,7.283782958,-7.799988,11.099991,-45.59999
1377683563581267334,7.305267334,-12.299988,10.799988,-44.699997
1377683563611754393,7.335754393,-19.199997,11.399994,-41.699997
1377683563622588132,7.346588132,-19.199997,11.399994,-41.699997
1377683563652007079,7.376007079,-26.09999,12.899994,-36.59999
1377683563660521483,7.384521483,-26.09999,12.899994,-36.59999
1377683563706908203,7.430908203,-30.59999,17.09999,-30.299988
1377683563741179441,7.465179441,-32.699997,21.899994,-25.199997
1377683563773955320,7.49795532,-31.5,26.09999,-23.09999
1377683563801207519,7.525207519,-28.799988,29.699997,-21.59999
1377683563844023680,7.56802368,-26.699997,31.199997,-23.09999
1377683563880797362,7.604797362,-25.199997,32.09999,-22.5
1377683563923705078,7.647705078,-24.59999,33.299988,-21.59999
1377683563959959960,7.68395996,-23.699997,35.699997,-21.0
1377683563999907469,7.723907469,-21.899994,38.09999,-19.5
1377683564040984130,7.76498413,-19.5,40.799988,-18.0
1377683564080962157,7.804962157,-15.599991,43.199997,-15.899994
1377683564120482420,7.84448242,-11.399994,44.699997,-13.5
1377683564161894775,7.885894775,-8.699997,46.199997,-10.199997
1377683564200072265,7.924072265,-6.299988,47.09999,-8.399994
1377683564245055173,7.969055173,-4.199997,48.0,-6.299988
1377683564282164550,8.00616455,-2.399994,48.0,-5.399994
1377683564320555663,8.044555663,-0.59999084,48.299988,-4.5
1377683564366454100,8.0904541,1.199997,48.899994,-2.399994
1377683564403014160,8.12701416,3.5999908,48.899994,-0.8999939
1377683564441527343,8.165527343,7.5,48.299988,0.2999878
1377683564480406736,8.204406736,11.699997,46.799988,0.8999939
1377683564518645263,8.242645263,15.0,45.899994,0.0
1377683564541991211,8.265991211,16.5,45.59999,-0.8999939
1377683564578520750,8.30252075,16.5,45.899994,-2.0999908
1377683564604704832,8.328704832,15.599991,46.5,-3.0
1377683564645689941,8.369689941,15.299988,46.799988,-2.699997
1377683564681548095,8.405548095,15.599991,47.09999,-1.7999878
1377683564721068357,8.445068357,15.599991,47.399994,-0.8999939
1377683564758696533,8.482696533,15.0,48.0,-0.59999084
1377683564769957519,8.493957519,15.0,48.0,-0.59999084
1377683564798674559,8.522674559,14.399994,48.0,-0.8999939
1377683564809813475,8.533813475,14.399994,48.0,-0.8999939
1377683564843352293,8.567352293,13.199997,47.699997,-1.7999878
1377683564885436035,8.609436035,12.899994,47.699997,-2.399994
1377683564919066406,8.643066406,12.299988,47.09999,-3.0
1377683564930266356,8.654266356,12.299988,47.09999,-3.0
1377683564962920164,8.686920164,11.699997,47.399994,-3.5999908
1377683565008360840,8.73236084,11.099991,47.399994,-4.799988
1377683565038664794,8.762664794,9.599991,47.699997,-6.0
1377683565078886961,8.802886961,8.699997,47.699997,-8.099991
1377683565105925536,8.829925536,8.699997,48.299988,-9.599991
1377683565143065430,8.86706543,8.099991,48.0,-10.799988
1377683565178801512,8.902801512,8.399994,47.699997,-12.0
1377683565207518553,8.931518553,9.0,47.09999,-12.299988
1377683565247221924,8.971221924,9.599991,46.5,-13.199997
1377683565278593993,9.002593993,11.099991,45.59999,-13.5
1377683565308562254,9.032562254,12.599991,45.59999,-13.799988
1377683565338561034,9.062561034,13.5,45.299988,-15.0
1377683565349852539,9.073852539,13.5,45.299988,-15.0
1377683565384581543,9.108581543,14.699997,44.699997,-14.399994
1377683565427550291,9.151550291,15.599991,43.799988,-15.299988
1377683565461333252,9.185333252,17.399994,43.5,-16.199997
1377683565498534180,9.22253418,18.0,43.5,-15.299988
1377683565509795166,9.233795166,18.0,43.5,-15.299988
1377683565541594480,9.26559448,18.0,44.09999,-14.099991
1377683565582518554,9.306518554,18.299988,45.299988,-10.799988
1377683565620604493,9.344604493,18.299988,46.5,-6.899994
1377683565632781006,9.356781006,18.299988,46.5,-6.899994
1377683565667265867,9.391265867,18.0,46.199997,-1.5
1377683565699278808,9.423278808,17.699997,45.59999,4.799988
1377683565727110840,9.45111084,18.299988,44.699997,10.199997
1377683565761168456,9.485168456,20.09999,43.5,14.099991
1377683565802000975,9.526000975,22.5,42.0,16.199997
1377683565850188233,9.574188233,24.299988,41.09999,15.599991
1377683565882872558,9.606872558,26.09999,40.5,13.5
1377683565918822265,9.642822265,25.5,41.699997,10.799988
1377683565939299560,9.66329956,23.699997,44.09999,7.5
1377683565950194336,9.674194336,23.699997,44.09999,7.5
1377683565981841065,9.705841065,21.0,45.899994,5.099991
1377683566018614744,9.742614744,17.699997,48.299988,3.899994
1377683566039488768,9.763488768,15.0,48.899994,2.0999908
1377683566050139403,9.774139403,15.0,48.899994,2.0999908
1377683566080351807,9.804351807,12.899994,49.5,0.59999084
1377683566082427002,9.806427002,12.899994,49.5,0.59999084
1377683566119780517,9.843780517,14.399994,48.899994,-2.399994
1377683566139677977,9.863677977,16.799988,47.699997,-6.299988
1377683566205565430,9.92956543,23.09999,44.399994,-14.699997
1377683566209807374,9.933807374,23.09999,44.399994,-14.699997
1377683566241850829,9.965850829,25.199997,42.59999,-16.5
1377683566280425047,10.004425047,25.199997,42.299988,-16.799988
1377683566289824462,10.013824462,25.199997,42.299988,-16.799988
1377683566318449951,10.042449951,25.199997,42.899994,-15.599991
1377683566339842774,10.063842774,25.5,44.09999,-12.599991
1377683566349791504,10.073791504,25.5,44.09999,-12.599991
1377683566378508543,10.102508543,25.199997,44.699997,-8.399994
1377683566389830565,10.113830565,25.199997,44.699997,-8.399994
1377683566424345947,10.148345947,26.399994,43.5,-1.5
1377683566458495117,10.182495117,28.199997,40.199997,6.599991
1377683566470000244,10.194000244,28.199997,40.199997,6.599991
1377683566498503660,10.22250366,30.299988,35.399994,15.0
1377683566509825682,10.233825682,30.299988,35.399994,15.0
1377683566542021728,10.266021728,32.399994,30.59999,20.399994
1377683566578734376,10.302734376,34.5,27.299988,21.299988
1377683566583586670,10.30758667,34.5,27.299988,21.299988
1377683566618468260,10.34246826,36.0,26.399994,19.199997
1377683566631834959,10.355834959,36.0,26.399994,19.199997
1377683566659483886,10.383483886,35.699997,29.399994,15.599991
1377683566678679444,10.402679444,34.799988,33.299988,12.599991
1377683566689848877,10.413848877,34.799988,33.299988,12.599991
1377683566718596434,10.442596434,32.699997,36.899994,10.199997
1377683566723814939,10.447814939,32.699997,36.899994,10.199997
1377683566758696533,10.482696533,30.299988,39.59999,9.899994
1377683566769804932,10.493804932,30.299988,39.59999,9.899994
1377683566798521972,10.522521972,27.899994,41.399994,7.799988
1377683566809813475,10.533813475,27.899994,41.399994,7.799988
1377683566842589355,10.566589355,26.399994,42.59999,3.2999878
1377683566879179931,10.603179931,26.09999,41.699997,-2.399994
1377683566889800047,10.613800047,26.09999,41.699997,-2.399994
1377683566918486572,10.642486572,27.0,40.5,-10.799988
1377683566939208008,10.663208008,29.399994,38.09999,-16.199997
1377683566949797607,10.673797607,29.399994,38.09999,-16.199997
1377683566978758788,10.702758788,30.899994,36.299988,-18.899994
1377683566990050292,10.714050292,30.899994,36.299988,-18.899994
1377683567018584229,10.742584229,31.5,36.0,-18.899994
1377683567039519286,10.763519286,30.899994,36.899994,-17.699997
1377683567049864744,10.773864744,30.899994,36.899994,-17.699997
1377683567079924560,10.80392456,30.59999,39.0,-15.0
1377683567089903808,10.813903808,30.59999,39.0,-15.0
1377683567118529296,10.842529296,30.299988,40.799988,-10.199997
1377683567138915038,10.862915038,29.699997,41.399994,-5.699997
1377683567149992919,10.873992919,29.699997,41.399994,-5.699997
1377683567182768799,10.906768799,29.399994,40.799988,1.7999878
1377683567218657470,10.94265747,29.09999,37.799988,10.799988
1377683567247923828,10.971923828,29.399994,33.899994,17.09999
1377683567283507323,11.007507323,31.199997,30.0,21.899994
1377683567320158935,11.044158935,34.199997,27.59999,22.199997
1377683567330901123,11.054901123,34.199997,27.59999,22.199997
1377683567360350585,11.084350585,36.0,27.59999,19.5
1377683567370451903,11.094451903,36.0,27.59999,19.5
1377683567399626709,11.123626709,35.699997,29.699997,15.299988
1377683567410338379,11.134338379,35.699997,29.699997,15.299988
1377683567439757323,11.163757323,33.59999,33.299988,12.0
1377683567463042235,11.187042235,30.59999,36.899994,11.399994
1377683567501341797,11.225341797,27.899994,39.299988,11.099991
1377683567510405517,11.234405517,27.899994,39.299988,11.099991
1377683567539946532,11.263946532,26.09999,41.699997,10.199997
1377683567550383544,11.274383544,26.09999,41.699997,10.199997
1377683567586852051,11.310852051,25.5,42.299988,7.799988
1377683567620818114,11.344818114,25.799988,42.299988,1.5
1377683567630888915,11.354888915,25.799988,42.299988,1.5
1377683567659972168,11.383972168,27.0,42.299988,-5.399994
1377683567670683838,11.394683838,27.0,42.299988,-5.399994
1377683567698912597,11.422912597,28.5,40.5,-10.5
1377683567709959960,11.43395996,28.5,40.5,-10.5
1377683567738860108,11.462860108,30.59999,38.699997,-13.199997
1377683567751158691,11.475158691,30.59999,38.699997,-13.199997
1377683567779326415,11.503326415,30.899994,38.09999,-13.199997
1377683567804167724,11.528167724,31.199997,38.699997,-12.599991
1377683567843169188,11.567169188,31.199997,39.299988,-8.699997
1377683567849944090,11.57394409,31.199997,39.299988,-8.699997
1377683567879851318,11.603851318,30.0,40.5,-3.899994
1377683567891570068,11.615570068,30.0,40.5,-3.899994
1377683567926512694,11.650512694,28.799988,40.5,4.199997
1377683567970274902,11.694274902,27.899994,37.5,13.5
1377683568005156493,11.729156493,28.199997,33.299988,20.09999
1377683568045134521,11.769134521,30.0,28.799988,23.699997
1377683568080412841,11.804412841,32.699997,26.399994,21.899994
1377683568103056883,11.827056883,34.5,26.699997,19.199997
1377683568139311768,11.863311768,34.199997,30.899994,15.299988
1377683568149931884,11.873931884,34.199997,30.899994,15.299988
1377683568179930663,11.903930663,32.399994,35.09999,12.0
1377683568189940429,11.913940429,32.399994,35.09999,12.0
1377683568218565918,11.942565918,28.799988,38.399994,12.0
1377683568239317870,11.96331787,26.09999,40.799988,10.799988
1377683568252593016,11.976593016,26.09999,40.799988,10.799988
1377683568278563476,12.002563476,23.399994,41.699997,9.299988
1377683568289916016,12.013916016,23.399994,41.699997,9.299988
1377683568330565428,12.054565428,24.0,42.0,6.299988
1377683568359435058,12.083435058,25.799988,41.699997,0.0
1377683568386443115,12.110443115,27.0,42.0,-5.399994
1377683568418578124,12.142578124,30.0,39.899994,-9.599991
1377683568439360595,12.163360595,30.59999,38.699997,-11.399994
1377683568449919678,12.173919678,30.59999,38.699997,-11.399994
1377683568478697753,12.202697753,31.799988,38.09999,-12.0
1377683568484923339,12.208923339,31.799988,38.09999,-12.0
1377683568521483398,12.245483398,32.399994,38.09999,-11.399994
1377683568530852295,12.254852295,32.399994,38.09999,-11.399994
1377683568560301757,12.284301757,31.799988,39.0,-8.699997
1377683568570403075,12.294403075,31.799988,39.0,-8.699997
1377683568600340820,12.32434082,30.0,40.799988,-4.5
1377683568621764160,12.34576416,28.199997,42.299988,0.59999084
1377683568630766845,12.354766845,28.199997,42.299988,0.59999084
1377683568659453368,12.383453368,26.699997,41.699997,7.199997
1377683568670622802,12.394622802,26.699997,41.699997,7.199997
1377683568700591065,12.424591065,26.699997,38.699997,15.0
1377683568713500000,12.4375,26.699997,38.699997,15.0
1377683568740050292,12.464050292,28.199997,35.09999,19.799988
1377683568750426269,12.474426269,28.199997,35.09999,19.799988
1377683568779906250,12.50390625,30.899994,31.199997,22.5
1377683568790465332,12.514465332,30.899994,31.199997,22.5
1377683568822966551,12.546966551,33.299988,28.799988,22.199997
1377683568830931640,12.55493164,33.299988,28.799988,22.199997
1377683568861937500,12.5859375,33.59999,31.199997,18.0
1377683568872130371,12.596130371,33.59999,31.199997,18.0
1377683568902983641,12.626983641,31.5,34.799988,13.199997
1377683568905821776,12.629821776,31.5,34.799988,13.199997
1377683568933470703,12.657470703,28.799988,38.09999,10.199997
1377683568961821532,12.685821532,25.199997,41.399994,8.699997
1377683568974547362,12.698547362,25.199997,41.399994,8.699997
1377683569003539062,12.727539062,21.899994,42.899994,8.399994
1377683569010405518,12.734405518,21.899994,42.899994,8.399994
1377683569039854980,12.76385498,19.199997,45.299988,7.5
1377683569061949706,12.785949706,17.699997,46.799988,4.199997
1377683569070250488,12.794250488,17.699997,46.799988,4.199997
1377683569102995850,12.82699585,18.899994,47.09999,-0.8999939
1377683569110991455,12.834991455,18.899994,47.09999,-0.8999939
1377683569139861083,12.863861083,20.699997,46.199997,-7.799988
1377683569164214111,12.888214111,24.59999,43.5,-11.699997
1377683569199309325,12.923309325,27.0,41.699997,-13.799988
1377683569221800780,12.94580078,28.199997,41.399994,-13.799988
1377683569230803466,12.954803466,28.199997,41.399994,-13.799988
1377683569262968994,12.986968994,28.199997,41.399994,-11.699997
1377683569270415283,12.994415283,28.199997,41.399994,-11.699997
1377683569299498534,13.023498534,26.699997,43.199997,-9.0
1377683569310332275,13.034332275,26.699997,43.199997,-9.0
1377683569339903809,13.063903809,24.59999,44.699997,-5.099991
1377683569350401855,13.074401855,24.59999,44.699997,-5.099991
1377683569381743407,13.105743407,21.299988,44.399994,3.0
1377683569390318847,13.114318847,21.299988,44.399994,3.0
1377683569419402100,13.1434021,19.199997,42.0,13.199997
1377683569430907226,13.154907226,19.199997,42.0,13.199997
1377683569460082030,13.18408203,19.799988,36.0,22.5
1377683569481902099,13.205902099,22.199997,29.699997,29.699997
1377683569490294434,13.214294434,22.199997,29.699997,29.699997
1377683569523009276,13.247009276,26.699997,25.199997,32.09999
1377683569530913329,13.254913329,26.699997,25.199997,32.09999
1377683569561919189,13.285919189,29.699997,24.0,30.59999
1377683569594206787,13.318206787,29.699997,27.59999,27.899994
1377683569621977782,13.345977782,27.59999,32.399994,23.699997
1377683569630919433,13.354919433,27.59999,32.399994,23.699997
1377683569663695313,13.387695313,24.299988,36.899994,20.699997
1377683569670989013,13.394989013,24.299988,36.899994,20.699997
1377683569701933837,13.425933837,20.399994,40.799988,18.899994
1377683569710326171,13.434326171,20.399994,40.799988,18.899994
1377683569739775635,13.463775635,16.799988,43.5,16.5
1377683569750426269,13.474426269,16.799988,43.5,16.5
1377683569781035399,13.505035399,14.099991,46.199997,12.899994
1377683569790495849,13.514495849,14.099991,46.199997,12.899994
1377683569821776368,13.545776368,14.099991,47.399994,6.899994
1377683569830931640,13.55493164,14.099991,47.399994,6.899994
1377683569859923339,13.583923339,15.899994,47.399994,-0.2999878
1377683569881865478,13.605865478,18.0,47.09999,-6.0
1377683569890318848,13.614318848,18.0,47.09999,-6.0
1377683569920042968,13.644042968,20.399994,46.5,-8.099991
1377683569930907225,13.654907225,20.399994,46.5,-8.099991
1377683569961180664,13.685180664,20.399994,46.199997,-8.099991
1377683569970458008,13.694458008,20.399994,46.199997,-8.099991
1377683570001952148,13.725952148,19.799988,47.09999,-6.0
1377683570010436034,13.734436034,19.799988,47.09999,-6.0
1377683570047881104,13.771881104,18.899994,46.799988,-0.59999084
1377683570081511474,13.805511474,16.5,45.59999,6.599991
1377683570090270018,13.814270018,16.5,45.59999,6.599991
1377683570132262207,13.856262207,14.099991,41.399994,17.399994
1377683570158080077,13.882080077,13.799988,33.59999,27.299988
1377683570165373778,13.889373778,13.799988,33.59999,27.299988
1377683570203032470,13.92703247,15.299988,26.399994,34.199997
1377683570210417725,13.934417725,15.299988,26.399994,34.199997
1377683570241026855,13.965026855,18.59999,20.699997,37.5
1377683570252867674,13.976867674,18.59999,20.699997,37.5
1377683570279906250,14.00390625,22.199997,19.5,36.59999
1377683570290434815,14.014434815,22.199997,19.5,36.59999
1377683570320525146,14.044525146,22.5,24.0,34.199997
1377683570333647703,14.057647703,22.5,24.0,34.199997
1377683570360594726,14.084594726,20.699997,30.299988,29.699997
1377683570370818115,14.094818115,20.699997,30.299988,29.699997
1377683570399962402,14.123962402,16.199997,34.799988,27.59999
1377683570421385741,14.145385741,11.699997,39.0,25.799988
1377683570430541015,14.154541015,11.699997,39.0,25.799988
1377683570459563233,14.183563233,7.5,41.699997,23.09999
1377683570470793701,14.194793701,7.5,41.699997,23.09999
1377683570500761962,14.224761962,4.799988,43.799988,19.799988
1377683570521269775,14.245269775,5.699997,46.5,14.399994
1377683570530974365,14.254974365,5.699997,46.5,14.399994
1377683570571196533,14.295196533,7.199997,48.59999,7.199997
1377683570601866698,14.325866698,11.099991,49.199997,1.199997
1377683570610259032,14.334259032,11.099991,49.199997,1.199997
1377683570653136231,14.377136231,13.5,48.899994,-1.199997
1377683570680418944,14.404418944,14.099991,48.59999,-3.0
1377683570690367675,14.414367675,14.099991,48.59999,-3.0
1377683570732604004,14.456604004,13.799988,48.59999,-1.199997
1377683570761839842,14.485839842,13.199997,48.0,3.0
1377683570770689940,14.49468994,13.199997,48.0,3.0
1377683570802458740,14.52645874,12.299988,45.899994,9.0
1377683570810423829,14.534423829,12.299988,45.899994,9.0
1377683570841643309,14.565643309,11.399994,41.399994,17.399994
1377683570850340819,14.574340819,11.399994,41.399994,17.399994
1377683570879881836,14.603881836,12.0,33.0,26.09999
1377683570890379883,14.614379883,12.0,33.0,26.09999
1377683570920104003,14.644104003,13.799988,23.399994,33.0
1377683570940947509,14.664947509,16.5,15.299988,37.5
1377683570950255371,14.674255371,16.5,15.299988,37.5
1377683570980437256,14.704437256,21.299988,10.799988,38.399994
1377683570990385986,14.714385986,21.299988,10.799988,38.399994
1377683571021819091,14.745819091,23.399994,12.299988,36.899994
1377683571030302978,14.754302978,23.399994,12.299988,36.899994
1377683571062956786,14.786956786,22.799988,17.699997,34.5
1377683571070891356,14.794891356,22.799988,17.699997,34.5
1377683571100554443,14.824554443,20.699997,25.199997,30.59999
1377683571110228515,14.834228515,20.699997,25.199997,30.59999
1377683571144103027,14.868103027,15.899994,31.799988,27.899994
1377683571150389648,14.874389648,15.899994,31.799988,27.899994
1377683571179717041,14.903717041,12.599991,36.0,25.5
1377683571190428711,14.914428711,12.599991,36.0,25.5
1377683571222502684,14.946502684,9.0,39.299988,21.59999
1377683571230437254,14.954437254,9.0,39.299988,21.59999
1377683571274199463,14.998199463,8.099991,41.399994,17.399994
1377683571300169922,15.024169922,8.399994,44.09999,11.099991
1377683571310301757,15.034301757,8.399994,44.09999,11.099991
1377683571352843260,15.07684326,9.0,45.899994,5.099991
1377683571381712891,15.105712891,11.099991,46.799988,1.7999878
1377683571390349366,15.114349366,11.099991,46.799988,1.7999878
1377683571419341063,15.143341063,12.0,46.799988,0.8999939
1377683571430357909,15.154357909,12.0,46.799988,0.8999939
1377683571459105469,15.183105469,12.299988,46.799988,2.0999908
1377683571482970214,15.206970214,12.299988,45.59999,4.199997
1377683571491789794,15.215789794,12.299988,45.59999,4.199997
1377683571524382567,15.248382567,13.199997,44.09999,8.699997
1377683571540953613,15.264953613,12.599991,41.699997,13.5
1377683571554259277,15.278259277,12.599991,41.699997,13.5
1377683571579710936,15.303710936,12.899994,37.5,20.09999
1377683571586760496,15.310760496,12.899994,37.5,20.09999
1377683571619414307,15.343414307,13.5,31.199997,27.0
1377683571630370118,15.354370118,13.5,31.199997,27.0
1377683571667876220,15.39187622,14.699997,23.699997,31.199997
1377683571699828125,15.423828125,18.299988,17.399994,33.299988
1377683571722594238,15.446594238,22.199997,12.599991,33.299988
1377683571730406737,15.454406737,22.199997,12.599991,33.299988
1377683571774718261,15.498718261,24.0,13.199997,31.5
1377683571800108887,15.524108887,23.399994,17.699997,29.399994
1377683571810423827,15.534423827,23.399994,17.699997,29.399994
1377683571842589355,15.566589355,19.799988,23.09999,27.299988
1377683571850493408,15.574493408,19.799988,23.09999,27.299988
1377683571879851318,15.603851318,15.299988,28.199997,26.09999
1377683571900511717,15.624511717,10.799988,31.5,25.5
1377683571922362304,15.646362304,7.799988,33.0,24.59999
1377683571929900146,15.653900146,7.799988,33.0,24.59999
1377683571970000243,15.694000243,5.399994,34.799988,22.799988
1377683572000578857,15.724578857,4.199997,37.199997,18.899994
1377683572010436035,15.734436035,4.199997,37.199997,18.899994
1377683572054717040,15.77871704,4.799988,39.0,12.599991
1377683572084685302,15.808685302,6.0,41.699997,6.299988
1377683572091032959,15.815032959,6.0,41.699997,6.299988
1377683572119597412,15.843597412,8.099991,42.59999,1.7999878
1377683572130553222,15.854553222,8.099991,42.59999,1.7999878
1377683572160857177,15.884857177,9.299988,43.199997,-0.2999878
1377683572170470215,15.894470215,9.299988,43.199997,-0.2999878
1377683572200041748,15.924041748,10.199997,42.899994,0.59999084
1377683572210509277,15.934509277,10.199997,42.899994,0.59999084
1377683572257445312,15.981445312,9.899994,42.0,3.5999908
1377683572282042480,16.00604248,9.299988,39.899994,8.699997
1377683572291045165,16.015045165,9.299988,39.899994,8.699997
1377683572321837401,16.045837401,8.099991,35.699997,15.299988
1377683572330443358,16.054443358,8.099991,35.699997,15.299988
1377683572361540771,16.085540771,7.5,30.0,21.899994
1377683572370573975,16.094573975,7.5,30.0,21.899994
1377683572412413573,16.136413573,9.299988,23.399994,27.0
1377683572440978025,16.164978025,12.899994,17.699997,30.299988
1377683572465117430,16.18911743,16.5,14.699997,31.799988
1377683572470580077,16.194580077,16.5,14.699997,31.799988
1377683572505125976,16.229125976,18.59999,15.599991,31.5
1377683572510405518,16.234405518,18.59999,15.599991,31.5
1377683572541808104,16.265808104,18.299988,19.799988,29.699997
1377683572550536131,16.274536131,18.299988,19.799988,29.699997
1377683572594481444,16.318481444,15.899994,25.799988,26.09999
1377683572620085693,16.344085693,13.199997,30.299988,23.699997
1377683572645354248,16.369354248,9.899994,33.899994,21.59999
1377683572650633789,16.374633789,9.899994,33.899994,21.59999
1377683572680846189,16.404846189,7.799988,36.0,19.5
1377683572690489743,16.414489743,7.799988,36.0,19.5
1377683572725218748,16.449218748,5.399994,36.899994,17.699997
1377683572730589842,16.454589842,5.399994,36.899994,17.699997
1377683572762755371,16.486755371,4.5,39.299988,13.199997
1377683572770445801,16.494445801,4.5,39.299988,13.199997
1377683572800230956,16.524230956,5.399994,40.5,7.799988
1377683572810332274,16.534332274,5.399994,40.5,7.799988
1377683572842070554,16.566070554,6.0,42.59999,2.0999908
1377683572850584959,16.574584959,6.0,42.59999,2.0999908
1377683572880675292,16.604675292,6.899994,43.5,-2.399994
1377683572913969971,16.637969971,6.899994,44.09999,-5.099991
1377683572940520262,16.664520262,6.299988,44.699997,-5.399994
1377683572961333250,16.68533325,6.0,45.0,-5.099991
1377683572969969725,16.693969725,6.0,45.0,-5.099991
1377683572999876953,16.723876953,4.799988,45.0,-2.399994
1377683573021025635,16.745025635,4.5,44.699997,0.8999939
1377683573029936768,16.753936768,4.5,44.699997,0.8999939
1377683573062163328,16.786163328,3.899994,43.199997,6.0
1377683573069823240,16.79382324,3.899994,43.199997,6.0
1377683573098540282,16.822540282,3.0,39.899994,13.199997
1377683573122984862,16.846984862,2.699997,35.399994,20.09999
1377683573129851318,16.853851318,2.699997,35.399994,20.09999
1377683573159941650,16.88394165,3.2999878,29.399994,27.59999
1377683573169768310,16.89376831,3.2999878,29.399994,27.59999
1377683573198637937,16.922637937,6.299988,23.09999,32.09999
1377683573225218748,16.949218748,9.899994,19.199997,34.799988
1377683573230040526,16.954040526,9.899994,19.199997,34.799988
1377683573262480712,16.986480712,13.799988,17.09999,35.09999
1377683573270476318,16.994476318,13.799988,17.09999,35.09999
1377683573298735594,17.022735594,16.5,19.199997,33.299988
1377683573322997068,17.046997068,16.5,23.09999,31.5
1377683573329863524,17.053863524,16.5,23.09999,31.5
1377683573361418700,17.0854187,14.399994,28.5,28.5
1377683573370055176,17.094055176,14.399994,28.5,28.5
1377683573399382568,17.123382568,12.0,33.0,27.299988
1377683573409941650,17.13394165,12.0,33.0,27.299988
1377683573438506101,17.162506101,8.399994,35.09999,26.399994
1377683573449828123,17.173828123,8.399994,35.09999,26.399994
1377683573481017089,17.205017089,3.899994,37.199997,25.199997
1377683573489836669,17.213836669,3.899994,37.199997,25.199997
1377683573518614746,17.242614746,0.2999878,38.399994,22.799988
1377683573529875731,17.253875731,0.2999878,38.399994,22.799988
1377683573558531736,17.282531736,-2.0999908,40.799988,16.799988
1377683573569823241,17.293823241,-2.0999908,40.799988,16.799988
1377683573600523925,17.324523925,-3.0,43.5,9.0
1377683573610167480,17.33416748,-3.0,43.5,9.0
1377683573642516113,17.366516113,-1.5,46.199997,0.59999084
1377683573650084472,17.374084472,-1.5,46.199997,0.59999084
1377683573678648923,17.402648923,0.8999939,47.09999,-6.299988
1377683573687590573,17.411590573,0.8999939,47.09999,-6.299988
1377683573719054198,17.443054198,3.5999908,48.0,-9.0
1377683573740202881,17.464202881,6.299988,48.899994,-9.299988
1377683573771971678,17.495971678,8.399994,48.59999,-7.799988
1377683573799742674,17.523742674,9.0,49.799988,-5.399994
1377683573810393309,17.534393309,9.0,49.799988,-5.399994
1377683573841704345,17.565704345,7.199997,50.09999,-1.7999878
1377683573850371338,17.574371338,7.199997,50.09999,-1.7999878
1377683573880064941,17.604064941,3.5999908,49.799988,3.899994
1377683573890410400,17.6144104,3.5999908,49.799988,3.899994
1377683573921324704,17.645324704,-2.699997,47.09999,11.699997
1377683573930296873,17.654296873,-2.699997,47.09999,11.699997
1377683573963988280,17.68798828,-7.199997,41.09999,21.59999
1377683573970427490,17.69442749,-7.199997,41.09999,21.59999
1377683574006041503,17.730041503,-8.099991,33.59999,30.299988
1377683574010344481,17.734344481,-8.099991,33.59999,30.299988
1377683574041167234,17.765167234,-8.099991,27.59999,35.699997
1377683574050444578,17.774444578,-8.099991,27.59999,35.699997
1377683574094542480,17.81854248,-6.599991,26.399994,37.799988
1377683574120390868,17.844390868,-7.5,28.799988,34.5
1377683574130309080,17.85430908,-7.5,28.799988,34.5
1377683574172911620,17.89691162,-11.099991,33.299988,29.399994
1377683574199858643,17.923858643,-15.899994,36.299988,24.899994
1377683574210356690,17.93435669,-15.899994,36.299988,24.899994
1377683574252226805,17.976226805,-19.799988,37.199997,20.699997
1377683574281737303,18.005737303,-22.799988,37.5,17.399994
1377683574290312742,18.014312742,-22.799988,37.5,17.399994
1377683574319640136,18.043640136,-24.899994,37.799988,10.799988
1377683574330382324,18.054382324,-24.899994,37.799988,10.799988
1377683574362700438,18.086700438,-24.899994,39.59999,2.699997
1377683574370299315,18.094299315,-24.899994,39.59999,2.699997
1377683574400633788,18.124633788,-23.699997,41.09999,-5.399994
1377683574410399413,18.134399413,-23.699997,41.09999,-5.399994
1377683574454497314,18.178497314,-21.299988,42.0,-12.0
1377683574480742432,18.204742432,-18.899994,42.59999,-14.399994
1377683574490385986,18.214385986,-18.899994,42.59999,-14.399994
1377683574519377684,18.243377684,-18.899994,43.199997,-14.699997
1377683574530333493,18.254333493,-18.899994,43.199997,-14.699997
1377683574559294676,18.283294676,-19.799988,43.5,-11.699997
1377683574570281005,18.294281005,-19.799988,43.5,-11.699997
1377683574599883057,18.323883057,-22.199997,43.199997,-6.599991
1377683574610716797,18.334716797,-22.199997,43.199997,-6.599991
1377683574641631103,18.365631103,-24.59999,40.799988,1.5
1377683574649931884,18.373931884,-24.59999,40.799988,1.5
1377683574679198240,18.40319824,-25.199997,36.59999,12.0
1377683574690428709,18.414428709,-25.199997,36.59999,12.0
1377683574720000244,18.444000244,-23.399994,30.899994,22.5
1377683574730467773,18.454467773,-23.399994,30.899994,22.5
1377683574765440918,18.489440918,-21.59999,28.199997,30.299988
1377683574794707273,18.518707273,-19.199997,27.899994,33.59999
1377683574821898436,18.545898436,-18.59999,30.299988,31.5
1377683574830473876,18.554473876,-18.59999,30.299988,31.5
1377683574871489502,18.595489502,-20.699997,34.5,25.799988
1377683574902861571,18.626861571,-23.399994,36.299988,20.699997
1377683574910582518,18.634582518,-23.399994,36.299988,20.699997
1377683574947356198,18.671356198,-26.09999,37.799988,15.299988
1377683574951628660,18.67562866,-26.09999,37.799988,15.299988
1377683574980833984,18.704833984,-28.799988,38.09999,7.199997
1377683574990447021,18.714447021,-28.799988,38.09999,7.199997
1377683575025664307,18.749664307,-27.59999,39.0,-0.8999939
1377683575054411864,18.778411864,-25.199997,41.399994,-9.599991
1377683575079955076,18.803955076,-22.5,42.0,-18.299988
1377683575090453123,18.814453123,-22.5,42.0,-18.299988
1377683575119841552,18.843841552,-18.899994,42.899994,-22.799988
1377683575140654541,18.864654541,-17.09999,42.59999,-25.199997
1377683575150420167,18.874420167,-17.09999,42.59999,-25.199997
1377683575180785155,18.904785155,-16.199997,42.0,-26.699997
1377683575190398191,18.914398191,-16.199997,42.0,-26.699997
1377683575219817137,18.943817137,-15.599991,42.59999,-25.799988
1377683575230620360,18.95462036,-15.599991,42.59999,-25.799988
1377683575265257812,18.989257812,-16.199997,44.699997,-21.299988
1377683575293700195,19.017700195,-17.699997,47.09999,-15.599991
1377683575319792723,19.043792723,-19.5,48.299988,-7.799988
1377683575342375730,19.06637573,-21.299988,48.0,0.59999084
1377683575350462889,19.074462889,-21.299988,48.0,0.59999084
1377683575383147216,19.107147216,-22.799988,44.09999,8.699997
1377683575390410400,19.1144104,-22.799988,44.09999,8.699997
1377683575421141602,19.145141602,-21.899994,38.699997,19.799988
1377683575430388428,19.154388428,-21.899994,38.699997,19.799988
1377683575459715819,19.183715819,-18.59999,33.0,29.399994
1377683575470519041,19.194519041,-18.59999,33.0,29.399994
1377683575522673582,19.246673582,-15.299988,30.899994,36.0
1377683575530425048,19.254425048,-15.299988,30.899994,36.0
1377683575564269043,19.288269043,-12.899994,32.399994,36.59999
1377683575570616700,19.2946167,-12.899994,32.399994,36.59999
1377683575624266600,19.3482666,-14.099991,36.59999,29.699997
1377683575630370116,19.354370116,-14.099991,36.59999,29.699997
1377683575665434814,19.389434814,-17.399994,41.09999,21.0
1377683575692503905,19.416503905,-21.299988,44.09999,12.599991
1377683575722807859,19.446807859,-24.299988,45.299988,6.299988
1377683575730437254,19.454437254,-24.299988,45.299988,6.299988
1377683575771605469,19.495605469,-24.899994,45.59999,-0.59999084
1377683575804991698,19.528991698,-22.799988,46.799988,-7.799988
1377683575810362791,19.534362791,-22.799988,46.799988,-7.799988
1377683575839690184,19.563690184,-21.0,46.5,-16.199997
1377683575850523925,19.574523925,-21.0,46.5,-16.199997
1377683575904082275,19.628082275,-17.399994,46.199997,-24.299988
1377683575911162354,19.635162354,-17.399994,46.199997,-24.299988
1377683575939940429,19.663940429,-15.0,45.59999,-27.0
1377683575950468993,19.674468993,-15.0,45.59999,-27.0
1377683576004088378,19.728088378,-15.299988,47.699997,-26.09999
1377683576010375000,19.734375,-15.299988,47.699997,-26.09999
1377683576047087645,19.771087645,-16.799988,50.09999,-19.5
1377683576074706053,19.798706053,-18.0,51.899994,-11.699997
1377683576103026366,19.827026366,-19.5,51.59999,-2.0999908
1377683576110381103,19.834381103,-19.5,51.59999,-2.0999908
1377683576145567872,19.869567872,-20.399994,48.899994,9.899994
1377683576175108885,19.899108885,-21.0,43.799988,20.09999
1377683576200163816,19.924163816,-19.199997,37.799988,30.0
1377683576232207274,19.956207274,-15.899994,33.59999,36.899994
1377683576260680176,19.984680176,-12.0,31.799988,40.5
1377683576270445801,19.994445801,-12.0,31.799988,40.5
1377683576299742675,20.023742675,-9.0,32.699997,40.5
1377683576310484861,20.034484861,-9.0,32.699997,40.5
1377683576340361572,20.064361572,-9.899994,36.59999,35.699997
1377683576360655762,20.084655762,-12.299988,41.09999,28.799988
1377683576370451905,20.094451905,-12.299988,41.09999,28.799988
1377683576399596191,20.123596191,-16.5,44.399994,22.799988
1377683576410460448,20.134460448,-16.5,44.399994,22.799988
1377683576451781247,20.175781247,-21.0,46.799988,16.5
1377683576491484618,20.215484618,-24.299988,46.799988,9.899994
1377683576533720946,20.257720946,-25.5,47.399994,3.0
1377683576571501708,20.295501708,-25.5,48.0,-6.0
1377683576615111328,20.339111328,-23.399994,48.299988,-15.599991
1377683576651549315,20.375549315,-19.5,48.899994,-21.299988
1377683576681029295,20.405029295,-17.399994,48.59999,-24.899994
1377683576713561034,20.437561034,-15.599991,48.899994,-26.09999
1377683576751524903,20.475524903,-15.899994,49.799988,-23.699997
1377683576792387938,20.516387938,-17.399994,50.699997,-18.299988
1377683576831999755,20.555999755,-18.0,51.59999,-10.199997
1377683576871275878,20.595275878,-19.5,50.399994,0.59999084
1377683576911894774,20.635894774,-20.09999,46.799988,12.0
1377683576951506592,20.675506592,-18.59999,41.09999,23.699997
1377683576993620848,20.717620848,-16.199997,34.799988,33.0
1377683577035613037,20.759613037,-12.299988,32.09999,38.09999
1377683577072234129,20.796234129,-10.199997,33.0,37.799988
1377683577112975098,20.836975098,-11.699997,37.199997,31.199997
1377683577151488280,20.87548828,-14.699997,41.399994,24.899994
1377683577191924072,20.915924072,-20.09999,43.799988,18.299988
1377683577230986571,20.954986571,-24.0,45.0,13.5
1377683577274291016,20.998291016,-25.5,45.59999,9.299988
1377683577314970946,21.038970946,-24.899994,47.399994,2.399994
1377683577351500488,21.075500488,-21.899994,48.299988,-6.0
1377683577394316649,21.118316649,-18.899994,48.0,-15.299988
1377683577431700684,21.155700684,-16.799988,47.09999,-21.59999
1377683577472594237,21.196594237,-17.699997,45.59999,-25.199997
1377683577510985352,21.234985352,-18.899994,45.899994,-24.0
1377683577551482176,21.275482176,-20.399994,47.399994,-18.0
1377683577594878174,21.318878174,-21.59999,48.0,-10.199997
1377683577633696532,21.357696532,-22.5,46.799988,0.59999084
1377683577674223877,21.398223877,-23.09999,43.5,12.0
1377683577712340331,21.436340331,-22.199997,38.699997,22.199997
1377683577751494385,21.475494385,-19.799988,35.699997,29.399994
1377683577791228270,21.51522827,-17.399994,35.399994,32.09999
1377683577833098389,21.557098389,-16.199997,37.5,28.799988
1377683577875121092,21.599121092,-18.299988,40.799988,21.899994
1377683577913664795,21.637664795,-22.5,42.299988,15.599991
1377683577951659178,21.675659178,-27.0,42.0,8.699997
1377683577992461182,21.716461182,-30.899994,40.799988,3.5999908
1377683578032622313,21.756622313,-31.5,39.59999,-3.5999908
1377683578072539307,21.796539307,-30.0,38.399994,-12.899994
1377683578112669921,21.836669921,-26.399994,36.899994,-22.799988
1377683578153197266,21.877197266,-22.199997,35.699997,-30.899994
1377683578192107176,21.916107176,-18.899994,33.899994,-35.09999
1377683578231474854,21.955474854,-16.799988,33.59999,-36.59999
1377683578275298094,21.999298094,-16.5,35.399994,-34.799988
1377683578308806397,22.032806397,-17.699997,38.09999,-31.199997
1377683578320555664,22.044555664,-17.699997,38.09999,-31.199997
1377683578353545165,22.077545165,-19.199997,41.399994,-23.09999
1377683578388579346,22.112579346,-21.0,44.399994,-13.799988
1377683578399840332,22.123840332,-21.0,44.399994,-13.799988
1377683578429320311,22.153320311,-21.59999,44.699997,-2.399994
1377683578440733886,22.164733886,-21.59999,44.699997,-2.399994
1377683578468993164,22.192993164,-19.799988,43.5,9.0
1377683578498961424,22.222961424,-17.09999,42.59999,16.199997
1377683578534209228,22.258209228,-14.699997,42.59999,19.799988
1377683578568724609,22.292724609,-12.599991,44.699997,16.5
1377683578596129393,22.320129393,-12.899994,47.09999,10.199997
1377683578630522705,22.354522705,-14.099991,48.59999,3.2999878
1377683578640135742,22.364135742,-14.099991,48.59999,3.2999878
1377683578668547606,22.392547606,-15.299988,48.899994,-2.0999908
1377683578688963867,22.412963867,-16.799988,48.299988,-4.5
1377683578712828613,22.436828613,-17.699997,48.0,-6.899994
1377683578748808837,22.472808837,-16.5,47.399994,-11.099991
1377683578760100341,22.484100341,-16.5,47.399994,-11.099991
1377683578789336182,22.513336182,-14.099991,45.59999,-17.699997
1377683578800597168,22.524597168,-14.099991,45.59999,-17.699997
1377683578829283690,22.55328369,-10.799988,43.199997,-24.899994
1377683578854948974,22.578948974,-7.5,39.899994,-31.5
1377683578894225096,22.618225096,-4.799988,37.199997,-35.399994
1377683578928679443,22.652679443,-2.699997,35.399994,-37.199997
1377683578932188964,22.656188964,-2.699997,35.399994,-37.199997
1377683578968810058,22.692810058,-1.7999878,35.699997,-36.59999
1377683578972807860,22.69680786,-1.7999878,35.699997,-36.59999
1377683579002684569,22.726684569,-0.8999939,38.09999,-35.399994
1377683579029143311,22.753143311,-1.199997,41.09999,-31.799988
1377683579040801025,22.764801025,-1.199997,41.09999,-31.799988
1377683579070036864,22.794036864,-2.699997,45.0,-24.899994
1377683579080229736,22.804229736,-2.699997,45.0,-24.899994
1377683579137022948,22.861022948,-7.199997,48.899994,-5.699997
1377683579173888183,22.897888183,-7.799988,48.299988,6.0
1377683579213255858,22.937255858,-6.599991,45.899994,15.299988
1377683579220427489,22.944427489,-6.599991,45.899994,15.299988
1377683579249876953,22.973876953,-3.899994,44.399994,20.699997
1377683579273558594,22.997558594,-2.0999908,43.5,23.399994
1377683579309508300,23.0335083,-1.199997,44.699997,19.5
1377683579320372558,23.044372558,-1.199997,44.699997,19.5
1377683579349913575,23.073913575,-2.399994,46.799988,12.0
1377683579360442138,23.084442138,-2.399994,46.799988,12.0
1377683579393065428,23.117065428,-4.199997,48.899994,3.899994
1377683579429625489,23.153625489,-6.299988,49.799988,-2.699997
1377683579440855957,23.164855957,-6.299988,49.799988,-2.699997
1377683579469511962,23.193511962,-9.0,49.199997,-7.5
1377683579480742431,23.204742431,-9.0,49.199997,-7.5
1377683579509489991,23.233489991,-8.099991,48.0,-12.599991
1377683579520476318,23.244476318,-8.099991,48.0,-12.599991
1377683579549803710,23.27380371,-6.899994,46.199997,-18.899994
1377683579560332275,23.284332275,-6.899994,46.199997,-18.899994
1377683579592528321,23.316528321,-4.199997,42.299988,-26.09999
1377683579600401855,23.324401855,-4.199997,42.299988,-26.09999
1377683579629668212,23.353668212,0.0,39.299988,-32.699997
1377683579640807128,23.364807128,0.0,39.299988,-32.699997
1377683579672484375,23.396484375,2.0999908,36.59999,-35.399994
1377683579680449463,23.404449463,2.0999908,36.59999,-35.399994
1377683579710173583,23.434173583,2.699997,35.09999,-35.699997
1377683579733427978,23.457427978,2.699997,36.59999,-34.799988
1377683579774229979,23.498229979,1.199997,39.59999,-31.5
1377683579809325195,23.533325195,0.0,43.5,-26.699997
1377683579823454834,23.547454834,0.0,43.5,-26.699997
1377683579849913573,23.573913573,-1.5,47.09999,-18.59999
1377683579860320067,23.584320067,-1.5,47.09999,-18.59999
1377683579889677978,23.613677978,-3.5999908,49.5,-8.399994
1377683579901061035,23.625061035,-3.5999908,49.5,-8.399994
1377683579933531737,23.657531737,-3.899994,48.59999,3.5999908
1377683579970641113,23.694641113,-3.2999878,45.899994,14.399994
1377683579980467773,23.704467773,-3.2999878,45.899994,14.399994
1377683580010344482,23.734344482,-0.59999084,44.09999,20.699997
1377683580034758544,23.758758544,1.199997,43.5,23.399994
1377683580069395997,23.793395997,1.7999878,44.699997,19.5
1377683580080290771,23.804290771,1.7999878,44.699997,19.5
1377683580109526610,23.83352661,0.59999084,47.09999,11.699997
1377683580130400634,23.854400634,-0.8999939,48.899994,5.099991
1377683580140044190,23.86404419,-0.8999939,48.899994,5.099991
1377683580169859862,23.893859862,-2.0999908,49.799988,1.5
1377683580180083251,23.904083251,-2.0999908,49.799988,1.5
1377683580208830810,23.93283081,-2.399994,50.09999,0.0
1377683580213072753,23.937072753,-2.399994,50.09999,0.0
1377683580247679687,23.971679687,-3.899994,49.5,-0.8999939
1377683580271819091,23.995819091,-4.199997,48.899994,-4.5
1377683580280394531,24.004394531,-4.199997,48.899994,-4.5
1377683580313384033,24.037384033,-3.2999878,47.699997,-11.099991
1377683580349272704,24.073272704,-2.399994,46.199997,-19.5
1377683580355345702,24.079345702,-2.399994,46.199997,-19.5
1377683580389555909,24.113555909,1.199997,44.09999,-25.199997
1377683580400511719,24.124511719,1.199997,44.09999,-25.199997
1377683580433470702,24.157470702,4.799988,41.699997,-29.699997
1377683580469786622,24.193786622,7.199997,39.299988,-32.399994
1377683580480498291,24.204498291,7.199997,39.299988,-32.399994
1377683580510222411,24.234222411,9.599991,38.09999,-33.299988
1377683580541106201,24.265106201,9.899994,39.0,-32.699997
1377683580569701171,24.293701171,9.599991,40.199997,-30.299988
1377683580580443358,24.304443358,9.599991,40.199997,-30.299988
1377683580610228515,24.334228515,7.199997,42.899994,-27.0
1377683580620970703,24.344970703,7.199997,42.899994,-27.0
1377683580649352050,24.37335205,3.899994,45.299988,-22.199997
1377683580660765624,24.384765624,3.899994,45.299988,-22.199997
1377683580693510986,24.417510986,0.0,47.399994,-15.299988
1377683580733092284,24.457092284,-4.5,49.5,-8.099991
1377683580740385985,24.464385985,-4.5,49.5,-8.099991
1377683580769713379,24.493713379,-6.299988,50.09999,-0.8999939
1377683580780333496,24.504333496,-6.299988,50.09999,-0.8999939
1377683580810027099,24.534027099,-7.199997,50.399994,2.699997
1377683580820372557,24.544372557,-7.199997,50.399994,2.699997
1377683580849944092,24.573944092,-5.399994,50.399994,2.699997
1377683580860808350,24.58480835,-5.399994,50.399994,2.699997
1377683580890593505,24.614593505,-3.2999878,50.09999,0.59999084
1377683580900389647,24.624389647,-3.2999878,50.09999,0.59999084
1377683580929869629,24.653869629,-2.399994,50.09999,-1.5
1377683580951140381,24.675140381,-1.5,50.09999,-1.7999878
1377683580960814453,24.684814453,-1.5,50.09999,-1.7999878
1377683580991240477,24.715240477,-2.399994,49.799988,-0.59999084
1377683581000487304,24.724487304,-2.399994,49.799988,-0.59999084
1377683581031767823,24.755767823,-4.199997,49.5,0.2999878
1377683581044493652,24.768493652,-4.199997,49.5,0.2999878
1377683581069792724,24.793792724,-5.399994,48.899994,-0.8999939
1377683581080412841,24.804412841,-5.399994,48.899994,-0.8999939
1377683581110106446,24.834106446,-5.399994,48.59999,-6.0
1377683581131346679,24.855346679,-3.899994,47.699997,-12.599991
1377683581140288329,24.864288329,-3.899994,47.699997,-12.599991
1377683581169768310,24.89376831,-1.5,46.5,-19.5
1377683581180388428,24.904388428,-1.5,46.5,-19.5
1377683581214323974,24.938323974,0.0,43.799988,-25.5
1377683581251158691,24.975158691,1.199997,40.799988,-29.699997
1377683581260863281,24.984863281,1.199997,40.799988,-29.699997
1377683581289488769,25.013488769,2.699997,38.399994,-33.299988
1377683581310545897,25.034545897,5.099991,36.899994,-34.799988
1377683581320311523,25.044311523,5.099991,36.899994,-34.799988
1377683581353148438,25.077148438,8.099991,38.09999,-33.899994
1377683581360869385,25.084869385,8.099991,38.09999,-33.899994
1377683581391783690,25.11578369,9.899994,40.199997,-30.899994
1377683581401091552,25.125091552,9.899994,40.199997,-30.899994
1377683581433257080,25.15725708,9.0,43.199997,-26.09999
1377683581440428711,25.164428711,9.0,43.199997,-26.09999
1377683581469725585,25.193725585,6.899994,46.199997,-20.699997
1377683581480315185,25.204315185,6.899994,46.199997,-20.699997
1377683581513030030,25.23703003,3.5999908,47.699997,-15.299988
1377683581520415283,25.244415283,3.5999908,47.699997,-15.299988
1377683581551848388,25.275848388,-0.2999878,49.199997,-10.199997
1377683581560790038,25.284790038,-0.2999878,49.199997,-10.199997
1377683581592192627,25.316192627,-3.0,49.799988,-6.0
1377683581600493408,25.324493408,-3.0,49.799988,-6.0
1377683581631712890,25.35571289,-4.5,50.09999,-2.699997
1377683581640257812,25.364257812,-4.5,50.09999,-2.699997
1377683581669768311,25.393768311,-4.799988,50.09999,-0.59999084
1377683581680418945,25.404418945,-4.799988,50.09999,-0.59999084
1377683581709929442,25.433929442,-4.199997,50.09999,-0.59999084
1377683581731505371,25.455505371,-3.5999908,50.399994,-1.5
1377683581740355469,25.464355469,-3.5999908,50.399994,-1.5
1377683581769774413,25.493774413,-3.2999878,51.0,-1.199997
1377683581780425047,25.504425047,-3.2999878,51.0,-1.199997
1377683581810423828,25.534423828,-3.899994,51.299988,0.0
1377683581820525147,25.544525147,-3.899994,51.299988,0.0
1377683581853392577,25.577392577,-4.199997,51.299988,2.399994
1377683581860838866,25.584838866,-4.199997,51.299988,2.399994
1377683581891936279,25.615936279,-4.199997,51.299988,4.199997
1377683581903960205,25.627960205,-4.199997,51.299988,4.199997
1377683581932311034,25.656311034,-4.799988,50.699997,2.399994
1377683581934996581,25.658996581,-4.799988,50.699997,2.399994
1377683581970274902,25.694274902,-4.199997,50.09999,-2.399994
1377683581982359863,25.706359863,-4.199997,50.09999,-2.399994
1377683582010771728,25.734771728,-3.2999878,49.5,-8.699997
1377683582020323729,25.744323729,-3.2999878,49.5,-8.699997
1377683582049651123,25.773651123,-2.699997,48.299988,-15.299988
1377683582060790039,25.784790039,-2.699997,48.299988,-15.299988
1377683582091856933,25.815856933,-2.0999908,46.5,-21.0
1377683582100432372,25.824432372,-2.0999908,46.5,-21.0
1377683582129515625,25.853515625,-1.199997,43.799988,-24.899994
1377683582140288330,25.86428833,-1.199997,43.799988,-24.899994
1377683582170378661,25.894378661,0.0,42.59999,-28.799988
1377683582180327391,25.904327391,0.0,42.59999,-28.799988
1377683582212950683,25.936950683,1.7999878,39.899994,-32.399994
1377683582220396973,25.944396973,1.7999878,39.899994,-32.399994
1377683582251677489,25.975677489,4.5,38.399994,-34.5
1377683582260741210,25.98474121,4.5,38.399994,-34.5
1377683582293181396,26.017181396,6.299988,37.799988,-36.59999
1377683582300475098,26.024475098,6.299988,37.799988,-36.59999
1377683582330168700,26.0541687,8.099991,37.199997,-36.59999
1377683582340331053,26.064331053,8.099991,37.199997,-36.59999
1377683582369902588,26.093902588,9.599991,39.299988,-33.59999
1377683582380400635,26.104400635,9.599991,39.299988,-33.59999
1377683582410063720,26.13406372,9.0,42.0,-30.299988
1377683582431517577,26.155517577,8.399994,44.699997,-25.799988
1377683582440367675,26.164367675,8.399994,44.699997,-25.799988
1377683582469786622,26.193786622,6.299988,47.699997,-21.0
1377683582480498291,26.204498291,6.299988,47.699997,-21.0
1377683582510161376,26.234161376,3.0,49.199997,-16.799988
1377683582520323730,26.24432373,3.0,49.199997,-16.799988
1377683582552428223,26.276428223,1.199997,50.399994,-12.299988
1377683582560881592,26.284881592,1.199997,50.399994,-12.299988
1377683582589537596,26.313537596,-0.59999084,50.699997,-7.199997
1377683582611510252,26.335510252,-2.0999908,50.699997,-3.0
1377683582620299315,26.344299315,-2.0999908,50.699997,-3.0
1377683582649413085,26.373413085,-2.399994,50.399994,0.8999939
1377683582660887695,26.384887695,-2.399994,50.399994,0.8999939
1377683582690978027,26.414978027,-3.5999908,50.399994,3.5999908
1377683582700743651,26.424743651,-3.5999908,50.399994,3.5999908
1377683582728667234,26.452667234,-3.899994,50.699997,2.699997
1377683582739867185,26.463867185,-3.899994,50.699997,2.699997
1377683582769377684,26.493377684,-4.199997,51.0,2.699997
1377683582791838623,26.515838623,-3.899994,51.0,2.0999908
1377683582800627685,26.524627685,-3.899994,51.0,2.0999908
1377683582831664060,26.55566406,-3.0,50.399994,2.399994
1377683582839934324,26.563934324,-3.0,50.399994,2.399994
1377683582872099852,26.596099852,-3.0,50.399994,3.2999878
1377683582890440917,26.614440917,-2.699997,50.09999,3.5999908
1377683582900359131,26.624359131,-2.699997,50.09999,3.5999908
1377683582933196045,26.657196045,-3.0,50.699997,1.5
1377683582939909911,26.663909911,-3.0,50.699997,1.5
1377683582973052000,26.697052,-3.2999878,50.699997,-2.399994
1377683582979887938,26.703887938,-3.2999878,50.699997,-2.399994
1377683583011717773,26.735717773,-3.2999878,49.799988,-7.5
1377683583023406006,26.747406006,-3.2999878,49.799988,-7.5
1377683583049040770,26.77304077,-3.0,49.5,-12.599991
1377683583059966062,26.783966062,-3.0,49.5,-12.599991
1377683583088683104,26.812683104,-3.5999908,48.299988,-17.699997
1377683583109221435,26.833221435,-3.2999878,47.09999,-21.59999
1377683583135741210,26.85974121,-2.399994,46.199997,-24.0
1377683583170317625,26.894317625,-1.5,44.699997,-27.0
1377683583179808592,26.903808592,-1.5,44.699997,-27.0
1377683583208861328,26.932861328,0.0,42.59999,-29.399994
1377683583219878174,26.943878174,0.0,42.59999,-29.399994
1377683583251646971,26.975646971,1.7999878,41.09999,-31.199997
1377683583260008787,26.984008787,1.7999878,41.09999,-31.199997
1377683583289183592,27.013183592,3.2999878,39.59999,-33.899994
1377683583303313231,27.027313231,3.2999878,39.59999,-33.899994
1377683583329833008,27.053833008,5.099991,38.399994,-34.5
1377683583342619873,27.066619873,5.099991,38.399994,-34.5
1377683583369139648,27.093139648,6.599991,38.399994,-34.199997
1377683583379881835,27.103881835,6.599991,38.399994,-34.199997
1377683583410124754,27.134124754,7.799988,39.299988,-33.299988
1377683583419890379,27.143890379,7.799988,39.299988,-33.299988
1377683583448668457,27.172668457,8.099991,41.699997,-29.09999
1377683583457610106,27.181610106,8.099991,41.699997,-29.09999
1377683583492552734,27.216552734,7.5,44.699997,-24.899994
1377683583501036620,27.22503662,7.5,44.699997,-24.899994
1377683583543517087,27.267517087,6.299988,48.0,-19.799988
1377683583569762206,27.293762206,4.199997,49.5,-14.699997
1377683583580321288,27.304321288,4.199997,49.5,-14.699997
1377683583621031738,27.345031738,1.7999878,51.0,-9.899994
1377683583651396726,27.375396726,-0.59999084,50.399994,-5.399994
1377683583660399411,27.384399411,-0.59999084,50.399994,-5.399994
1377683583692229246,27.416229246,-2.0999908,49.799988,-0.8999939
1377683583701079344,27.425079344,-2.0999908,49.799988,-0.8999939
1377683583731627441,27.455627441,-3.5999908,49.799988,2.399994
1377683583740294434,27.464294434,-3.5999908,49.799988,2.399994
1377683583770537353,27.494537353,-4.5,48.899994,4.199997
1377683583780425048,27.504425048,-4.5,48.899994,4.199997
1377683583811003660,27.53500366,-5.099991,48.899994,3.0
1377683583822813963,27.546813963,-5.099991,48.899994,3.0
1377683583851103759,27.575103759,-5.699997,49.5,1.5
1377683583860899902,27.584899902,-5.699997,49.5,1.5
1377683583890044189,27.614044189,-6.0,49.199997,2.399994
1377683583911772704,27.635772704,-6.0,49.199997,3.5999908
1377683583924315427,27.648315427,-6.0,49.199997,3.5999908
1377683583953185057,27.677185057,-5.399994,49.5,6.299988
1377683583957121824,27.681121824,-5.399994,49.5,6.299988
1377683583988677002,27.712677002,-5.399994,48.899994,8.399994
1377683584000029541,27.724029541,-5.399994,48.899994,8.399994
1377683584031737303,27.755737303,-5.699997,49.199997,5.699997
1377683584040434812,27.764434812,-5.699997,49.199997,5.699997
1377683584070616698,27.794616698,-5.399994,49.199997,1.199997
1377683584083678221,27.807678221,-5.399994,49.199997,1.199997
1377683584111113525,27.835113525,-5.099991,48.299988,-3.2999878
1377683584119750001,27.843750001,-5.099991,48.299988,-3.2999878
1377683584151640868,27.875640868,-4.799988,47.09999,-9.0
1377683584158720945,27.882720945,-4.799988,47.09999,-9.0
1377683584189116453,27.913116453,-4.5,45.899994,-13.799988
1377683584212767577,27.936767577,-4.199997,44.09999,-17.399994
1377683584219786620,27.94378662,-4.199997,44.09999,-17.399994
1377683584251677490,27.97567749,-3.5999908,42.59999,-20.09999
1377683584258818602,27.982818602,-3.5999908,42.59999,-20.09999
1377683584288542723,28.012542723,-2.699997,42.0,-22.5
1377683584310606932,28.034606932,-1.7999878,40.799988,-23.699997
1377683584319762206,28.043762206,-1.7999878,40.799988,-23.699997
1377683584351653076,28.075653076,-0.59999084,39.899994,-24.299988
1377683584358916260,28.08291626,-0.59999084,39.899994,-24.299988
1377683584388548827,28.112548827,0.59999084,39.59999,-25.799988
1377683584399901365,28.123901365,0.59999084,39.59999,-25.799988
1377683584431578611,28.155578611,2.0999908,38.399994,-26.399994
1377683584436430906,28.160430906,2.0999908,38.399994,-26.399994
1377683584468169189,28.192169189,3.2999878,38.399994,-26.399994
1377683584479918457,28.203918457,3.2999878,38.399994,-26.399994
1377683584509551025,28.233551025,4.5,40.199997,-24.59999
1377683584518309569,28.242309569,4.5,40.199997,-24.59999
1377683584549742674,28.273742674,4.5,42.299988,-21.0
1377683584571806883,28.295806883,3.899994,45.299988,-17.399994
1377683584579863524,28.303863524,3.899994,45.299988,-17.399994
1377683584611632324,28.335632324,2.699997,47.399994,-12.899994
1377683584616057373,28.340057373,2.699997,47.399994,-12.899994
1377683584648863768,28.372863768,1.199997,48.59999,-8.699997
1377683584659148191,28.383148191,1.199997,48.59999,-8.699997
1377683584688567138,28.412567138,-0.2999878,49.5,-5.099991
1377683584699767089,28.423767089,-0.2999878,49.5,-5.099991
1377683584728514649,28.452514649,-1.7999878,49.199997,0.0
1377683584739684082,28.463684082,-1.7999878,49.199997,0.0
1377683584768736814,28.492736814,-2.399994,49.799988,4.199997
1377683584776427244,28.500427244,-2.399994,49.799988,4.199997
1377683584809142088,28.533142088,-3.5999908,49.799988,7.199997
1377683584816130613,28.540130613,-3.5999908,49.799988,7.199997
1377683584846861816,28.570861816,-3.899994,49.5,6.899994
1377683584870543457,28.594543457,-4.199997,49.799988,3.899994
1377683584879942870,28.60394287,-4.199997,49.799988,3.899994
1377683584909239744,28.633239744,-4.799988,50.09999,0.0
1377683584916228269,28.640228269,-4.799988,50.09999,0.0
1377683584948760010,28.67276001,-4.799988,50.399994,-1.7999878
1377683584959837891,28.683837891,-4.799988,50.399994,-1.7999878
1377683584990630126,28.714630126,-5.099991,50.399994,-1.7999878
1377683585010558103,28.734558103,-5.099991,50.699997,-0.8999939
1377683585041533445,28.765533445,-5.699997,50.399994,-0.2999878
1377683585070708251,28.794708251,-5.399994,50.09999,-1.7999878
1377683585092131592,28.816131592,-5.399994,50.399994,-3.899994
1377683585099883057,28.823883057,-5.399994,50.399994,-3.899994
1377683585143187499,28.867187499,-5.399994,50.09999,-6.599991
1377683585169035887,28.893035887,-4.5,49.799988,-9.899994
1377683585189391112,28.913391112,-4.199997,50.399994,-12.899994
1377683585199858642,28.923858642,-4.199997,50.399994,-12.899994
1377683585238799073,28.962799073,-4.5,49.199997,-16.199997
1377683585272551512,28.996551512,-4.5,48.0,-18.899994
1377683585281004881,29.005004881,-4.5,48.0,-18.899994
1377683585310484863,29.034484863,-4.5,47.399994,-21.299988
1377683585320769287,29.044769287,-4.5,47.399994,-21.299988
1377683585351653077,29.075653077,-4.799988,45.59999,-23.399994
1377683585360442139,29.084442139,-4.799988,45.59999,-23.399994
1377683585401762937,29.125762937,-3.5999908,44.399994,-25.5
1377683585434660887,29.158660887,-3.2999878,43.799988,-27.59999
1377683585460478760,29.18447876,-2.699997,42.59999,-29.699997
1377683585494688965,29.218688965,-1.199997,41.399994,-30.899994
1377683585500426269,29.224426269,-1.199997,41.399994,-30.899994
1377683585534544919,29.258544919,-0.59999084,41.399994,-30.899994
1377683585540556883,29.264556883,-0.59999084,41.399994,-30.899994
1377683585572600341,29.296600341,0.8999939,41.09999,-30.899994
1377683585580443359,29.304443359,0.8999939,41.09999,-30.899994
1377683585613249755,29.337249755,2.699997,41.399994,-29.699997
1377683585620543456,29.344543456,2.699997,41.399994,-29.699997
1377683585652190183,29.376190183,4.199997,42.59999,-27.899994
1377683585660460448,29.384460448,4.199997,42.59999,-27.899994
1377683585690093017,29.414093017,5.399994,45.0,-25.199997
1377683585700438476,29.424438476,5.399994,45.0,-25.199997
1377683585745696043,29.469696043,6.599991,46.799988,-21.299988
1377683585771086668,29.495086668,6.599991,48.59999,-17.399994
1377683585780425048,29.504425048,6.599991,48.59999,-17.399994
1377683585809477783,29.533477783,6.0,50.09999,-14.099991
1377683585820647217,29.544647217,6.0,50.09999,-14.099991
1377683585855284667,29.579284667,5.099991,50.09999,-11.699997
1377683585860350585,29.584350585,5.099991,50.09999,-11.699997
1377683585890410398,29.614410398,3.899994,50.399994,-10.5
1377683585900420164,29.624420164,3.899994,50.399994,-10.5
1377683585948210694,29.672210694,2.699997,50.699997,-11.099991
1377683585970946288,29.694946288,1.7999878,49.799988,-12.599991
1377683585980528807,29.704528807,1.7999878,49.799988,-12.599991
1377683586009551024,29.733551024,1.5,49.5,-14.099991
1377683586034666991,29.758666991,0.8999939,49.5,-14.699997
1377683586040343261,29.764343261,0.8999939,49.5,-14.699997
1377683586084685303,29.808685303,1.199997,48.299988,-16.799988
1377683586109892821,29.833892821,1.199997,47.699997,-18.0
1377683586120635007,29.844635007,1.199997,47.699997,-18.0
1377683586163420653,29.887420653,1.199997,47.09999,-20.399994
1377683586190764405,29.914764405,1.199997,46.199997,-23.399994
1377683586200407959,29.924407959,1.199997,46.199997,-23.399994
1377683586241728758,29.965728758,1.7999878,46.5,-23.699997
1377683586275145507,29.999145507,1.5,46.199997,-24.59999
1377683586280394531,30.004394531,1.5,46.199997,-24.59999
1377683586316191651,30.040191651,2.0999908,45.59999,-24.899994
1377683586320586182,30.044586182,2.0999908,45.59999,-24.899994
1377683586353270506,30.077270506,2.0999908,45.899994,-24.59999
1377683586360411619,30.084411619,2.0999908,45.899994,-24.59999
1377683586390166259,30.114166259,1.7999878,45.0,-25.199997
1377683586400450683,30.124450683,1.7999878,45.0,-25.199997
1377683586446410157,30.170410157,1.7999878,44.699997,-25.799988
1377683586470976805,30.194976805,1.5,45.0,-25.799988
1377683586494963621,30.218963621,1.199997,44.699997,-25.799988
1377683586522643066,30.246643066,0.8999939,44.699997,-25.199997
1377683586554106690,30.27810669,1.199997,44.699997,-25.199997
1377683586585020995,30.309020995,1.5,44.399994,-24.899994
1377683586609770750,30.33377075,1.199997,44.399994,-25.5
1377683586633452391,30.357452391,1.199997,44.399994,-26.699997
1377683586640471435,30.364471435,1.199997,44.399994,-26.699997
1377683586683470704,30.407470704,0.8999939,44.399994,-27.0
1377683586709898925,30.433898925,0.59999084,44.699997,-27.0
1377683586720641111,30.444641111,0.59999084,44.699997,-27.0
1377683586763731933,30.487731933,0.8999939,45.0,-27.299988
1377683586794585206,30.518585206,1.199997,45.59999,-27.0
1377683586825102782,30.549102782,1.5,45.59999,-26.699997
1377683586850584959,30.574584959,1.5,45.59999,-26.399994
1377683586872771239,30.596771239,1.199997,45.59999,-26.399994
1377683586880553222,30.604553222,1.199997,45.59999,-26.399994
1377683586913298584,30.637298584,1.199997,44.699997,-25.799988
1377683586920531251,30.644531251,1.199997,44.699997,-25.799988
1377683586967802976,30.691802976,0.8999939,44.699997,-26.09999
1377683586990202879,30.714202879,0.8999939,44.09999,-26.399994
1377683587000517821,30.724517821,0.8999939,44.09999,-26.399994
1377683587045287108,30.769287108,0.59999084,44.09999,-26.09999
1377683587071471192,30.795471192,1.199997,44.09999,-26.09999
1377683587080382325,30.804382325,1.199997,44.09999,-26.09999
1377683587109801268,30.833801268,0.8999939,44.09999,-25.799988
1377683587132262206,30.856262206,0.8999939,43.799988,-26.09999
1377683587140440917,30.864440917,0.8999939,43.799988,-26.09999
1377683587170744873,30.894744873,0.59999084,43.5,-26.399994
1377683587180418946,30.904418946,0.59999084,43.5,-26.399994
1377683587210722899,30.934722899,0.2999878,44.09999,-26.399994
1377683587233122801,30.957122801,0.0,43.799988,-26.699997
1377683587240477538,30.964477538,0.0,43.799988,-26.699997
1377683587276183105,31.000183105,0.0,43.799988,-26.699997
1377683587280577637,31.004577637,0.0,43.799988,-26.699997
1377683587309905028,31.033905028,-0.2999878,43.799988,-27.0
1377683587320586180,31.04458618,-0.2999878,43.799988,-27.0
1377683587362486816,31.086486816,-1.5,44.09999,-26.699997
1377683587390562987,31.114562987,-1.7999878,44.399994,-25.799988
1377683587400511717,31.124511717,-1.7999878,44.399994,-25.799988
1377683587435271240,31.15927124,-2.0999908,45.899994,-25.199997
1377683587462553954,31.186553954,-0.8999939,46.5,-24.0
1377683587494566893,31.218566893,-0.59999084,46.5,-23.699997
1377683587526305176,31.250305176,-0.8999939,46.5,-23.399994
1377683587551726317,31.275726317,-2.0999908,45.59999,-22.199997
1377683587560515380,31.28451538,-2.0999908,45.59999,-22.199997
1377683587590117432,31.314117432,-4.799988,45.59999,-21.899994
1377683587600462891,31.324462891,-4.799988,45.59999,-21.899994
1377683587648070311,31.372070311,-7.199997,45.299988,-22.5
1377683587671080565,31.395080565,-8.699997,44.09999,-24.0
1377683587680449462,31.404449462,-8.699997,44.09999,-24.0
1377683587709502198,31.433502198,-10.5,43.199997,-25.5
1377683587731139160,31.45513916,-12.299988,41.699997,-26.399994
1377683587740416503,31.464416503,-12.299988,41.699997,-26.399994
1377683587770903563,31.494903563,-13.799988,41.399994,-25.799988
1377683587780516601,31.504516601,-13.799988,41.399994,-25.799988
1377683587810790039,31.534790039,-15.599991,41.399994,-24.299988
1377683587820586182,31.544586182,-15.599991,41.399994,-24.299988
1377683587850798583,31.574798583,-16.799988,41.399994,-23.699997
1377683587860472654,31.584472654,-16.799988,41.399994,-23.699997
1377683587890318847,31.614318847,-18.0,41.09999,-24.299988
1377683587912322021,31.636322021,-19.5,40.5,-24.899994
1377683587919951416,31.643951416,-19.5,40.5,-24.899994
1377683587949217772,31.673217772,-21.0,39.0,-26.399994
1377683587969542480,31.69354248,-22.199997,37.5,-27.59999
1377683587980010009,31.704010009,-22.199997,37.5,-27.59999
1377683588009856201,31.733856201,-22.5,35.699997,-29.699997
1377683588019865966,31.743865966,-22.5,35.699997,-29.699997
1377683588048583007,31.772583007,-20.399994,32.399994,-33.899994
1377683588059905029,31.783905029,-20.399994,32.399994,-33.899994
1377683588099974608,31.823974608,-16.199997,27.59999,-39.0
1377683588120573973,31.844573973,-11.099991,22.799988,-44.09999
1377683588151518799,31.875518799,-5.399994,17.699997,-47.399994
1377683588159880616,31.883880616,-5.399994,17.699997,-47.399994
1377683588188658690,31.91265869,0.0,13.5,-49.5
1377683588199858641,31.923858641,0.0,13.5,-49.5
1377683588228545166,31.952545166,4.5,10.199997,-49.799988
1377683588239836670,31.96383667,4.5,10.199997,-49.799988
1377683588272307371,31.996307371,8.099991,7.5,-49.799988
1377683588289336181,32.013336181,11.099991,5.099991,-48.899994
1377683588302824951,32.026824951,11.099991,5.099991,-48.899994
1377683588334197021,32.058197021,12.0,3.2999878,-48.299988
1377683588339842773,32.063842773,12.0,3.2999878,-48.299988
1377683588368895507,32.092895507,13.5,2.699997,-47.699997
1377683588389464355,32.113464355,15.299988,2.0999908,-47.399994
1377683588425993895,32.149993895,15.599991,1.7999878,-48.299988
1377683588448637939,32.172637939,15.599991,1.7999878,-48.899994
1377683588460539794,32.184539794,15.599991,1.7999878,-48.899994
1377683588489714599,32.213714599,15.0,1.7999878,-48.899994
1377683588499815917,32.223815917,15.0,1.7999878,-48.899994
1377683588529021239,32.253021239,13.799988,2.0999908,-49.199997
1377683588551482178,32.275482178,13.5,2.0999908,-48.59999
1377683588559966065,32.283966065,13.5,2.0999908,-48.59999
1377683588589293456,32.313293456,14.099991,2.0999908,-48.0
1377683588616667723,32.340667723,14.099991,2.399994,-48.299988
1377683588622038818,32.346038818,14.099991,2.399994,-48.299988
1377683588653288818,32.377288818,14.099991,2.399994,-48.299988
1377683588669524168,32.393524168,14.699997,2.699997,-48.0
1377683588679808593,32.403808593,14.699997,2.699997,-48.0
1377683588708708740,32.43270874,14.099991,3.0,-47.699997
1377683588740782714,32.464782714,13.5,3.0,-47.699997
1377683588769499755,32.493499755,11.399994,3.0,-48.299988
1377683588789946533,32.513946533,9.299988,2.399994,-48.59999
1377683588799834229,32.523834229,9.299988,2.399994,-48.59999
1377683588828551268,32.552551268,8.399994,1.7999878,-48.899994
1377683588839903807,32.563903807,8.399994,1.7999878,-48.899994
1377683588869627930,32.59362793,7.199997,1.5,-48.59999
1377683588892668701,32.616668701,6.899994,1.5,-47.699997
1377683588912932371,32.636932371,6.899994,1.5,-48.299988
1377683588919798827,32.643798827,6.899994,1.5,-48.299988
1377683588950865723,32.674865723,7.199997,0.8999939,-47.699997
1377683588961028076,32.685028076,7.199997,0.8999939,-47.699997
1377683588989958739,32.713958739,9.0,1.5,-48.0
1377683589010405517,32.734405517,11.699997,1.7999878,-47.699997
1377683589019988037,32.743988037,11.699997,1.7999878,-47.699997
1377683589060240722,32.784240722,13.799988,2.399994,-47.09999
1377683589088957763,32.812957763,15.299988,3.2999878,-48.0
1377683589099852539,32.823852539,15.299988,3.2999878,-48.0
1377683589128691650,32.85269165,15.599991,3.2999878,-47.699997
1377683589139861083,32.863861083,15.599991,3.2999878,-47.699997
1377683589168639159,32.892639159,15.0,3.2999878,-47.699997
1377683589190367676,32.914367676,14.699997,2.699997,-47.699997
1377683589200591065,32.924591065,14.699997,2.699997,-47.699997
1377683589228819823,32.952819823,14.099991,3.0,-47.399994
1377683589239806151,32.963806151,14.099991,3.0,-47.399994
1377683589268584229,32.992584229,13.199997,3.0,-47.699997
1377683589279967286,33.003967286,13.199997,3.0,-47.699997
1377683589321013427,33.045013427,13.199997,3.2999878,-47.699997
1377683589348479248,33.072479248,12.599991,3.899994,-48.0
1377683589359862305,33.083862305,12.599991,3.899994,-48.0
1377683589388976073,33.112976073,12.599991,3.899994,-48.59999
1377683589399809813,33.123809813,12.599991,3.899994,-48.59999
1377683589440062500,33.1640625,12.599991,3.899994,-48.899994
1377683589468535399,33.192535399,12.899994,3.899994,-49.799988
1377683589497099852,33.221099852,12.599991,4.5,-49.199997
1377683589522246338,33.246246338,13.199997,4.5,-48.899994
1377683589565642333,33.289642333,13.799988,3.899994,-48.0
1377683589600798584,33.324798584,13.799988,3.0,-47.399994
1377683589640257811,33.364257811,14.699997,1.7999878,-47.399994
1377683589683318115,33.407318115,14.699997,1.199997,-46.5
1377683589720061278,33.444061278,14.399994,0.2999878,-46.799988
1377683589760100342,33.484100342,14.699997,0.0,-47.09999
1377683589801451659,33.525451659,14.699997,0.0,-47.09999
1377683589828947998,33.552947998,14.399994,0.0,-46.199997
1377683589860167480,33.58416748,15.599991,0.59999084,-45.59999
1377683589889067626,33.613067626,16.5,0.59999084,-44.699997
1377683589921477295,33.645477295,16.799988,1.5,-44.399994
1377683589961302733,33.685302733,18.299988,2.0999908,-44.399994
1377683590001341797,33.725341797,17.699997,2.0999908,-45.0
1377683590049956298,33.773956298,17.399994,1.5,-45.0
1377683590079955079,33.803955079,17.399994,-0.59999084,-45.59999
1377683590120268798,33.844268798,17.09999,-2.699997,-46.199997
1377683590158629395,33.882629395,17.399994,-4.5,-45.899994
1377683590181822753,33.905822753,17.399994,-5.399994,-45.299988
1377683590222868896,33.946868896,16.799988,-5.099991,-45.299988
1377683590258604980,33.98260498,17.09999,-5.399994,-45.59999
1377683590260710692,33.984710692,17.09999,-5.399994,-45.59999
1377683590292021728,34.016021728,17.09999,-4.799988,-45.59999
1377683590318602540,34.04260254,16.799988,-5.399994,-45.899994
1377683590329863525,34.053863525,16.799988,-5.399994,-45.899994
1377683590362639403,34.086639403,17.399994,-6.0,-45.59999
1377683590400694825,34.124694825,16.799988,-6.299988,-45.59999
1377683590442351317,34.166351317,16.199997,-6.899994,-45.899994
1377683590481596924,34.205596924,16.799988,-7.799988,-45.899994
1377683590520506835,34.244506835,16.5,-8.699997,-46.199997
1377683590562682129,34.286682129,16.199997,-9.299988,-45.899994
1377683590602812743,34.326812743,16.199997,-10.5,-45.899994
1377683590643095948,34.367095948,15.0,-10.799988,-46.199997
1377683590685973143,34.409973143,15.0,-10.799988,-45.899994
1377683590725645996,34.449645996,14.399994,-11.399994,-46.199997
1377683590765349364,34.489349364,13.799988,-11.699997,-46.199997
1377683590780852295,34.504852295,14.099991,-11.399994,-45.899994
1377683590826567626,34.550567626,13.799988,-12.0,-46.199997
1377683590864043212,34.588043212,14.399994,-10.799988,-46.199997
1377683590898741699,34.622741699,15.299988,-10.199997,-46.5
1377683590909880614,34.633880614,15.299988,-10.199997,-46.5
1377683590942015625,34.666015625,14.399994,-9.899994,-46.799988
1377683590981657958,34.705657958,14.699997,-9.299988,-46.799988
1377683591019286133,34.743286133,13.199997,-8.699997,-47.399994
1377683591030028320,34.75402832,13.199997,-8.699997,-47.399994
1377683591058806396,34.782806396,11.699997,-8.699997,-47.399994
1377683591069853758,34.793853758,11.699997,-8.699997,-47.399994
1377683591099120117,34.823120117,11.099991,-8.399994,-48.0
1377683591109892822,34.833892822,11.099991,-8.399994,-48.0
1377683591141936278,34.865936278,9.0,-8.699997,-48.299988
1377683591178343750,34.90234375,7.5,-9.599991,-48.59999
1377683591201506592,34.925506592,6.299988,-10.199997,-49.5
1377683591240233397,34.964233397,4.199997,-10.799988,-49.799988
1377683591258696533,34.982696533,3.899994,-10.5,-49.799988
1377683591281401612,35.005401612,3.5999908,-9.899994,-49.799988
1377683591323271727,35.047271727,2.699997,-9.299988,-50.09999
1377683591359496094,35.083496094,1.7999878,-8.699997,-50.399994
1377683591369780517,35.093780517,1.7999878,-8.699997,-50.399994
1377683591402068114,35.126068114,0.8999939,-8.099991,-50.399994
1377683591438841797,35.162841797,0.59999084,-7.199997,-50.699997
1377683591449828125,35.173828125,0.59999084,-7.199997,-50.699997
1377683591478514648,35.202514648,0.2999878,-6.299988,-51.0
1377683591505248046,35.229248046,0.0,-6.599991,-51.0
1377683591539946532,35.263946532,-0.2999878,-6.299988,-51.59999
1377683591550047850,35.27404785,-0.2999878,-6.299988,-51.59999
1377683591579192138,35.303192138,-0.8999939,-6.299988,-51.59999
1377683591589995361,35.313995361,-0.8999939,-6.299988,-51.59999
1377683591622069335,35.346069335,-1.7999878,-6.899994,-51.0
1377683591658476806,35.382476806,-1.7999878,-6.299988,-51.0
1377683591678740479,35.402740479,-2.0999908,-6.299988,-50.699997
1377683591689879394,35.413879394,-2.0999908,-6.299988,-50.699997
1377683591722319579,35.446319579,-3.0,-6.0,-50.699997
1377683591759612061,35.483612061,-3.0,-5.399994,-50.699997
1377683591782500243,35.506500243,-3.2999878,-4.799988,-50.699997
1377683591818633056,35.542633056,-3.899994,-4.5,-51.0
1377683591829924561,35.553924561,-3.899994,-4.5,-51.0
1377683591851347900,35.5753479,-4.799988,-3.5999908,-51.0
1377683591878539062,35.602539062,-5.099991,-3.899994,-51.299988
1377683591890013671,35.614013671,-5.099991,-3.899994,-51.299988
1377683591918608643,35.642608643,-5.099991,-4.199997,-51.299988
1377683591939330077,35.663330077,-5.099991,-4.199997,-50.399994
1377683591949889159,35.673889159,-5.099991,-4.199997,-50.399994
